Text,Language,Unnamed: 2
"lílo àkàbà ǹjẹ́ o máa ń ṣe àyẹ̀wò wọ̀nyí tó lè dáàbò bò ẹ́" ,Yoruba,
"paul fẹ́ pààrọ̀ gílóòbù iná tó wà lóde ilé ẹ̀" ,Yoruba,
abbreviate ,English,
abbreviation ,English,
abdomen ,English,
abduct ,English,
abduction ,English,
"ó tún fẹ́ nu àwọn fèrèsé pẹ̀tẹ́ẹ̀sì lọ́wọ́ ita — ó ti pẹ́ tíyàwó ẹ̀ ti ń sọ pé wọ́n ti dọ̀tí" ,Yoruba,
"àmọ́ ṣe ni paul ń fòní dónìí tó ń fọ̀la dọ́la" ,Yoruba,
"nítorí pé ó gbọ́dọ̀ lo àkàbà" ,Yoruba,
"ó nídìí tẹ́rù fi ń bà á" ,Yoruba,
"ó mọ̀ pé téèyàn bá rébọ́ látorí àkàbà ó lè fara pa yánnayànna ó tiẹ̀ lè gbabẹ̀ kú" ,Yoruba,
"ohun tó máa ń fà á ni pé àwọn èèyàn kì í fara balẹ̀ ronú lóríi bó ti yẹ láti lo àkàbà" ,Yoruba,
"kí paul tó ṣe iṣẹ́ wọ̀nyí kí ló yẹ kó mọ̀ nípa àkàbà" ,Yoruba,
"àbá mẹ́wàá tó ràn án lọ́wọ́ láti ṣe é láìfarapa ló wà nísàlẹ̀ yìí" ,Yoruba,
"ṣé àkàbà náà ò lè ṣèèyàn léṣe" ,Yoruba,
"1 lo àkàbà tó yẹ" ,Yoruba,
"o lè bẹ̀rẹ̀ sí nàgà bí àkàbà náà bá kúrú jù" ,Yoruba,
"o lè fi ti ògiri lọ́nà tó léwu tó bá gùn jù" ,Yoruba,
"má ṣe fi àtẹ̀gùn kékeré ẹlẹ́sẹ̀ mẹ́rin gun àjà" ,Yoruba,
"ṣe àkàbà tó yẹ mọ́ ògiri tó lọ sórí àjà tàbí kóo lo àkàbà tó ṣeé gbé ti ògiri" ,Yoruba,
"2 yẹ àkàbà rẹ wò dáadáa" ,Yoruba,
"ṣé kì í ṣe ìta lẹ gbé e sí tẹ́lẹ̀" ,Yoruba,
"àkàbà onígi máa ń wú tómi bá kàn án ó sì máa ń sún kì tóòrùn bá pa á jù" ,Yoruba,
"kẹ́ẹ tó mọ̀ àwọn ìdásẹ̀lé rẹ̀ lè ti dẹ̀ tí àkàbà náà kò fi ní dúró dáadáa mọ́" ,Yoruba,
"ṣé ìkankan lára ìdásẹ̀lé onígi tó wà lára rẹ̀ kó tíì sán ṣé kò sì dà bíi pé wọ́n ti ń kẹ̀" ,Yoruba,
"wọ́n sábà máa ń fi irin gbá ìdásẹ̀lé onígi lábẹ́" ,Yoruba,
"ṣé irin yẹn ṣì wà níbẹ tó sì dúró sán ún" ,Yoruba,
"ṣé àwọn ìdè tàbí èèkàn irin tí wọ́n fi de àwọn ìdásẹ̀lé onírin mọ́ ara àkàbà ò tíì yọ tàbí kí wọ́n ti kídàǹpapa" ,Yoruba,
"àwọn àkàbà ńlá tí wọ́n ń kì bọnú ara wọn lè ní táyà ródóródó àti okùn" ,Yoruba,
"ṣé àwọn táyà náà ṣì ń yí geerege" ,Yoruba,
"ṣé kì í ṣe pé okùn náà ti fẹ́ já ṣá ṣé ó ṣì gùn tó" ,Yoruba,
"tètè tún gbogbo ohun tó bá yẹ ní títún ṣe ṣe láìfi falẹ̀ rárá" ,Yoruba,
"wọ́n sábà máa ń gbẹ́hò tẹ́ẹ́rẹ́ tẹ́ẹ́rẹ́ sára ìdásẹ̀lé tí kò ní jẹ́ kẹ́sẹ̀ ó yọ̀ lórí wọn" ,Yoruba,
"rí i dájú pé o mú ìdọ̀tí èyíkéyìí tó bá dí ojú ihò wọ̀nyẹn kúrò" ,Yoruba,
"gbogbo àkàbà ló yẹ kó ní ìtẹ́lẹ̀ tó máa jẹ́ kó dúró nílẹ̀ láìyọ̀" ,Yoruba,
"wò ó bóyá ìtẹ́lẹ̀ yìí wà níbẹ̀ tí kò sì tíì jẹ púpọ̀ jù" ,Yoruba,
"3 gbé àkàbà lọ́nà tí kò ní ṣe jàǹbá" ,Yoruba,
"tó bá jẹ́ ọkọ̀ lo fẹ́ lò gbé e kọ́ ìkọ́ àkàbà tàbí kóo so ó mọ́ ọkọ̀ akẹ́rù ó kéré tán lọ́nà méjì" ,Yoruba,
"àkàbà gígùn lè yọ gọngọ lẹ́yìn ọkọ̀ nítorí náà kí ẹni tí ń bọ̀ lẹ́yìn lè rí i dáadáa so aṣọ tẹ́ẹ́rẹ́ mọ́ ibi tó ti yọ gọngọ síta káwọn èèyàn lè rí i" ,Yoruba,
"èèyàn méjì ló dáa jù lọ kó gbé àkàbà gígùn" ,Yoruba,
"àmọ́ bó bá jẹ́ ìwọ lo fẹ́ dá a gbé tóo sì fẹ́ gbé e níbùú gbé e lé èjìká rẹ kóo sì fọwọ́ kan dì í mú dáadáa kóo wá fọwọ́ kejì kún un kó lè sinmi lé ọ léjìká láìfì sápá kan" ,Yoruba,
"jẹ́ kí iwájú rẹ̀ wà lókè níbi tí orí ò ní lè dé kí o má bàa fi gbá ẹnikẹ́ni" ,Yoruba,
"ṣùgbọ́n má gbàgbé pé bí àkàbà náà ṣe gùn síwájú bẹ́ẹ̀ náà ló gùn lọ sẹ́yìn" ,Yoruba,
"àwọn aláwàdà kẹríkẹrì máa ń jẹ́ kó dà bíi pé ọ̀ràn ẹ̀rín ni fíforígbá àkàbà" ,Yoruba,
"àmọ́ ẹni tó bá ti ríbi téèyàn ti forí gbá àkàbà rí á mọ̀ pé kì í ṣọ̀ràn eré — àgàgà tó bá jẹ́ ìwọ ló ṣe léṣe" ,Yoruba,
"tóo bá gbé àkàbà lóròó jẹ́ kí òkè rẹ̀ fì sápá ọ̀dọ̀ rẹ kóo fọwọ́ kan rá a mú kóo sì fọwọ́ kejì dì í mú lókè orí rẹ kó lè dúró dáadáa" ,Yoruba,
"máa ṣọ́ àwọn wáyà gílóòbù iná àtàwọn àmì táa gbé kọ́ sókè o" ,Yoruba,
"4 gbé àkàbà tì dáadáa" ,Yoruba,
"kí ó má bàa séwu àkàbà ò gbọ́dọ̀ fì sẹ́gbẹ̀ẹ́ kan kò sì gbọ́dọ̀ dagun ju ìwọ̀n ìdagun márùndínlọ́gọ́rin lọ" ,Yoruba,
"5 gbé nǹkan tì í lókè àti nísàlẹ̀" ,Yoruba,
"wo ibi tóo gbé orí àkàbà tì dáadáa" ,Yoruba,
"rí i dájú pé ojú ibi tí àkàbà náà fara tì lókè tẹ́ pẹrẹsẹ tí kò sì ní yọ̀ ẹ́" ,Yoruba,
"o ò gbọ́dọ̀ gbé àkàbà ti gíláàsì tàbí ike" ,Yoruba,
"tó bá ṣeé ṣe dè é mọ́ nǹkan kan kí òkè àkàbà náà fi nǹkan bí mítà kan ga ju ibi tí àkàbà náà ti fara ti ògiri" ,Yoruba,
"fẹ̀sọ̀ ṣe nígbà tóo bá kọ́kọ́ ń gun àkàbà lọ láti lọ dè é lókè" ,Yoruba,
"kò ní dúró dáadáa nígbà tóo bá kọ́kọ́ gùn ún yẹn bẹ́ẹ̀ náà ló sì máa rí nígbà tóo bá ń sọ̀ kalẹ̀ bọ̀ lẹ́yìn tóo ti tú u lókè" ,Yoruba,
"kí o má bàa já bọ́ ní ìgbà àkọ́kọ́ yẹn àtìgbà tóo bá ń sọ̀ kalẹ̀ jẹ́ kí ẹnì kan bá ẹ dì í mú nísàlẹ̀ nígbà tóo bá ń gùn ún tàbí tóo bá ń sọ̀" ,Yoruba,
"àmọ́ o èyí lè ṣiṣẹ́ kìkì bí àkàbà náà ò bá gùn ju nǹkan bí mítà márùn ún lọ" ,Yoruba,
"bí ilẹ̀ iwájú ilé bá da gẹ̀rẹ́gẹ̀rẹ́ gbé ohun kan tó wúwo sísàlẹ̀ àkàbà tàbí kí o de ìdásẹ̀lé ìsàlẹ̀ mọ́ nǹkan kan" ,Yoruba,
"bí ilẹ̀ bá rí págunpàgun ṣùgbọ́n tó le fi nǹkan há a kí àkàbà náà lè rẹ́sẹ̀ dúró nílẹ̀" ,Yoruba,
"wá pákó pẹrẹsẹ tàbí irú nǹkan bẹ́ẹ̀ tó ṣeé gbé nǹkan lé bí ilẹ̀ ibẹ̀ bá rọ̀ jù tàbí bó bá jẹ́ àwọn nǹkan bíi fùlùfúlù ló wà nílẹ̀ ibẹ̀" ,Yoruba,
"bó bá ṣe pé àkàbà ẹlẹ́sẹ̀ mẹ́rin lo fẹ́ lò rí i dájú pé gbogbo ẹsẹ̀ rẹ̀ mẹ́rẹ̀ẹ̀rin ló dúró dáadaá nílẹ̀ tí ìhà méjèèjì dúró wandi tí irin àárín wọn sì nà tán" ,Yoruba,
"6 yẹ bàtà rẹ wò" ,Yoruba,
"kóo tó gun àkàbà rí i dájú pé kò sómi nísàlẹ̀ bàtà rẹ" ,Yoruba,
"gbá àwọn nǹkan bí ẹrẹ̀ tó bá lè yọ̀ ẹ́ dà nù" ,Yoruba,
"7 máa rọra gbé nǹkan" ,Yoruba,
"kí o lè ráyè fọwọ́ rẹ méjèèjì di àkàbà mú bó bá ṣeé ṣe kó irinṣẹ́ sínú àpò kan tó ṣeé so mọ́ ìgbànú" ,Yoruba,
"wá nǹkan míì fi gbé àwọn nǹkan tó ṣòroó gbé gun àkàbà àmọ́ bó bá di dandan láti lo àkàbà má ṣe yọ ọwọ́ kan tó kù kúrò lára àkàbà ṣe ni kóo máa wọ́ ọ lára àkàbà bóo ti ń gùn ún lọ" ,Yoruba,
"máa gbẹ́sẹ̀ lọ́kọ̀ọ̀kan ní ṣísẹ̀ n tẹ̀lé láìkánjú" ,Yoruba,
"bóo bá ń lo irinṣẹ́ tó ń lo iná mànàmáná má ṣe fi ọwọ́ méjèèjì mú un dání" ,Yoruba,
"fún àpẹẹrẹ ẹ̀rọ ìdá nǹkan lu lè ṣàdédé há tàbí kí ó yọ̀ bọ̀rọ́ ìyẹn sì lè gbò ẹ́ kí o sì ṣubú" ,Yoruba,
"má ṣe yí irinṣẹ́ èyíkéyìí síbi tó ti lè máa dá ṣiṣẹ́ lọ láìdúró ó lè ṣèèṣì já bọ́ bóo ṣe ń lò ó lọ́wọ́" ,Yoruba,
"8 máa gba tàwọn ẹlòmíì rò" ,Yoruba,
"bó bá jẹ́ pé ibi tí gbogbo èèyàn ń gbà kọjá lo ti ń ṣiṣẹ́ gbé àkàbà síbi tí wọ́n á ti tètè rí i bó bá sì ṣeé ṣe to nǹkan yí i ká" ,Yoruba,
"bó bá di dandan kóo gbé àkàbà gba kọ̀rọ̀ kọjá kí o mọ̀ pé àwọn èèyàn ò ní mọ̀ pé o ń bọ̀ lọ́nà" ,Yoruba,
"fẹ̀lẹ̀ ké àgò o kí o sì rí i pé ọ̀nà là" ,Yoruba,
"tóo bá gbé irinṣẹ́ dání lórí àkàbà rántí pé irinṣẹ́ ìde nǹkan kólíẹ́ pàápàá lè ṣèèyàn léṣe tó bá já bọ́ luni látòkè" ,Yoruba,
"bóo bá fẹ́ fibẹ̀ sílẹ̀ fún ìdí kan tí o ò sì de àkàbà mọ́ nǹkan kan wá ẹni tí yóò bá ẹ dúró tì í tàbí kóo rọra gbé àkàbà náà kalẹ̀ dìgbà tóo máa padà dé" ,Yoruba,
"má kàn fi í sílẹ̀ bẹ́ẹ̀" ,Yoruba,
"9 rí i pé ara rẹ le" ,Yoruba,
"níwọ̀n bí gígun nǹkan ti jẹ́ ọ̀ràn kí ara èèyàn balẹ̀ kí ó sì máa gbésẹ̀ ní ṣísẹ̀ n tẹ̀lé má ṣe gun nǹkan kan bí ara rẹ ò bá yá tàbí bí èébì bá ń gbé ẹ tàbí bí òòyì bá ń kọ́ ẹ" ,Yoruba,
"10 má fọ̀ràn ààbò ṣeré o" ,Yoruba,
"gbogbo ìgbà ni kí ọ̀ràn ààbò máa jẹ ẹ́ lógún" ,Yoruba,
"èèyàn méjì tàbí jù bẹ́ẹ̀ lọ ò gbọ́dọ̀ wà lórí àkàbà lẹ́ẹ̀kan náà" ,Yoruba,
"o ò gbọ́dọ̀ gùn ún nígbà tí ìjì líle ń jà" ,Yoruba,
"tó bá ṣe pé àkàbà ẹlẹ́sẹ̀ mẹ́rin lo ń lò o ò gbọ́dọ̀ dúró lé ìdásẹ̀lé òkè pátápátá tó bá sì jẹ́ pé àkàbà gígùn lò ń lò o ò gbọ́dọ̀ dúró lé ìdásẹ̀lé mẹ́rin tó kẹ́yìn sókè" ,Yoruba,
"tó bá jẹ́ pé àkàbà tí wọ́n ń kì bọnú ara wọn lò ń lò o ò gbọ́dọ̀ nà án tán ó kéré tán ó gbọ́dọ̀ ṣẹ́ ku ìdásẹ̀lé mẹ́ta nínú ara wọn" ,Yoruba,
"o ò gbọ́dọ̀ nàgà jù" ,Yoruba,
"bóo bá tẹ̀ sẹ́gbẹ̀ẹ́ kan jù lórí àkàbà ẹsẹ̀ rẹ lè yẹ̀ wàá sì bára ẹ nílẹ̀" ,Yoruba,
"dípò wíwu ara rẹ léwu gbé àkàbà sún mọ́ ibẹ̀ kódà bó bá jẹ́ pé iṣẹ́ náà á wá gba àkókò púpọ̀ sí i" ,Yoruba,
"nígbà tóo bá ń gun àkàbà ọ̀ọ́kán tààrà ni kóo máa wò" ,Yoruba,
"pẹ̀lú gbogbo bóo ṣe kíyè sára tó ewu ò ní ṣàìsí nígbàkigbà tóo bá ń lo àkàbà" ,Yoruba,
"àmọ́ wàá dín irú ewu bẹ́ẹ̀ kù tóo bá lo àbá wọ̀nyí" ,Yoruba,
"àwọn ló ran paul lọ́wọ́" ,Yoruba,
"nítorí pé ó lo àbá wọ̀nyí kò fara pa nígbà tó ń pààrọ̀ gílóòbù iná tó wà lóde ilé ẹ̀" ,Yoruba,
"àwọn fèrèsé tó fẹ́ nù ńkọ́" ,Yoruba,
"tóò ìyẹn di ọjọ́ míì ọjọ́ọre" ,Yoruba,
"àwọn àwòrán tó wà ní ojú ìwé" ,Yoruba,
"lo àkàbà tó yẹ" ,Yoruba,
"yẹ àkàbà rẹ wò dáadáa" ,Yoruba,
"gbé àkàbà lọ́nà tí kò ní ṣe jàǹbá" ,Yoruba,
"gbé àkàbà tì dáadáa" ,Yoruba,
"gbé nǹkan tì í lókè àti nísàlẹ̀" ,Yoruba,
"yẹ bàtà rẹ wò" ,Yoruba,
abide ,English,
ability ,English,
ablaze ,English,
able ,English,
abnormal ,English,
abolish ,English,
abortion ,English,
abroad ,English,
abrupt ,English,
absence ,English,
absent ,English,
absolutely ,English,
absorb ,English,
abstain ,English,
abstract ,English,
absurd ,English,
abundance ,English,
abundant ,English,
abuse ,English,
abusive ,English,
academic ,English,
academy ,English,
accelerate ,English,
acceleration ,English,
accelerator ,English,
accent ,English,
accept ,English,
acceptable ,English,
acceptance ,English,
access ,English,
accessible ,English,
accessories ,English,
accessory ,English,
accept ,English,
accept,English,
ache ,English,
achieve ,English,
achievement ,English,
acid ,English,
acknowledge ,English,
acknowledgement ,English,
acrobat ,English,
aid ,English,
around ,English,
augment ,English,
August ,English,
authentic ,English,
authenticate ,English,
authorities ,English,
authority ,English,
authorization ,English,
authorize ,English,
autograph ,English,
automate ,English,
automatic ,English,
automation ,English,
automobile ,English,
autonomous ,English,
autonomy ,English,
autopsy ,English,
autumn ,English,
availability ,English,
available ,English,
avalanche ,English,
avenge ,English,
avenue ,English,
average ,English,
aversion ,English,
avert ,English,
aviation ,English,
avid,English,
avoid ,English,
avoidable ,English,
avoidance ,English,
await ,English,
awake ,English,
award ,English,
aware ,English,
awareness ,English,
away ,English,
awful ,English,
awkward,English,
awning ,English,
axe ,English,
axis ,English,
axle ,English,
baboon ,English,
baby ,English,
bachelor ,English,
back ,English,
back  (body),English,
back  (location),English,
back  (support),English,
backbone ,English,
background ,English,
backpack ,English,
backwards ,English,
bacon ,English,
bacteria ,English,
bad ,English,
badge ,English,
baffle ,English,
bag ,English,
baggage ,English,
baggy ,English,
banish ,English,
cabbage ,English,
cabin ,English,
cabinet,English,
cable ,English,
cactus ,English,
café ,English,
caffeine ,English,
cage ,English,
cake ,English,
calcium ,English,
calculate ,English,
calculation ,English,
calculator ,English,
calendar ,English,
calf ,English,
call ,English,
calmness ,English,
dad ,English,
dagger ,English,
daily ,English,
dairy ,English,
dam ,English,
damage ,English,
damp ,English,
dance ,English,
danger ,English,
dangerous ,English,
dark ,English,
darken ,English,
darkness ,English,
data ,English,
date fruit,English,
date,English,
dative ,English,
daughter ,English,
daughter-in-law ,English,
dawn ,English,
each ,English,
eager ,English,
eagle ,English,
ear ,English,
earn ,English,
earth ,English,
earthquake ,English,
ease ,English,
east ,English,
Easter ,English,
eastern ,English,
eastwards ,English,
easy ,English,
echo ,English,
eclipse ,English,
ecology ,English,
economic ,English,
economy ,English,
edge ,English,
edit ,English,
educate ,English,
education ,English,
eel ,English,
fable ,English,
fabric ,English,
face ,English,
fact ,English,
factory ,English,
faculty ,English,
fade ,English,
fail ,English,
faint ,English,
fairy ,English,
fairytale ,English,
faith,English,
faithful ,English,
fake ,English,
falcon ,English,
fall ,English,
false ,English,
fame ,English,
fuel ,English,
fulfil ,English,
fulfilment ,English,
full ,English,
fumes ,English,
fun ,English,
function ,English,
fund ,English,
fundamental ,English,
funeral ,English,
fungus ,English,
gain ,English,
gamble ,English,
game ,English,
gang ,English,
gap,English,
gate ,English,
gateway ,English,
gauge ,English,
general ,English,
giant ,English,
gift ,English,
girl ,English,
girlfriend ,English,
give ,English,
glad ,English,
glamor ,English,
glance ,English,
glisten ,English,
glossy ,English,
glove ,English,
glow ,English,
greed ,English,
greedy ,English,
green ,English,
greenhouse ,English,
greet ,English,
greeting ,English,
grenade ,English,
grey ,English,
grief ,English,
grievance ,English,
grieve ,English,
grill ,English,
grim ,English,
grime ,English,
grin ,English,
grind ,English,
grip ,English,
groan ,English,
groceries ,English,
groin ,English,
groom ,English,
groove ,English,
ground ,English,
groundwork ,English,
group ,English,
grove ,English,
grow ,English,
growl ,English,
growth,English,
growth  (physical),English,
growth tumor,English,
grub ,English,
gruesome ,English,
grumpy ,English,
grunt ,English,
guarantee ,English,
guard ,English,
guess ,English,
guesthouse ,English,
guidance ,English,
guide ,English,
guidebook ,English,
guidelines ,English,
guilt ,English,
guilty ,English,
guitar ,English,
gulf ,English,
gullible ,English,
gums ,English,
gun ,English,
gunner ,English,
gust ,English,
gut ,English,
gymnasium ,English,
habit ,English,
hail ,English,
body hair,English,
hair,English,
haircut ,English,
hairdresser  ,English,
hairstyle ,English,
hairy ,English,
half ,English,
half-breed ,English,
hall ,English,
hallucination ,English,
halve ,English,
ham ,English,
handful ,English,
handshake ,English,
handsome ,English,
handwriting ,English,
handy ,English,
hang ,English,
hangar ,English,
happen ,English,
happiness ,English,
harbor ,English,
hard ,English,
hardship ,English,
hare ,English,
harem ,English,
harm ,English,
harmful ,English,
harmless ,English,
harmony ,English,
harness ,English,
harsh,English,
harvest ,English,
haste ,English,
hat ,English,
hatch ,English,
hatchet ,English,
hate ,English,
hateful ,English,
haul ,English,
heal ,English,
ice ,English,
ice cream ,English,
idiom ,English,
idle ,English,
idol ,English,
idolize ,English,
image ,English,
imagine ,English,
imitate ,English,
impulsive ,English,
inability ,English,
inaccessible ,English,
inaccurate ,English,
inactive ,English,
inadequate ,English,
irrigate ,English,
isolate ,English,
itch ,English,
itinerary ,English,
ivory ,English,
ivy ,English,
jacket ,English,
jail ,English,
jam,English,
jelly jam,English,
jammed ,English,
janitor ,English,
January ,English,
job,English,
joyful ,English,
court judge,English,
judge,English,
judgement ,English,
July ,English,
jump ,English,
June ,English,
justice ,English,
justification ,English,
justify ,English,
juvenile ,English,
kangaroo ,English,
keep ,English,
kennel ,English,
key ,English,
kick ,English,
king ,English,
kiss ,English,
kitchen ,English,
knead ,English,
knee ,English,
kneecap ,English,
kneel ,English,
knife ,English,
knight ,English,
knit ,English,
knob ,English,
knock ,English,
knot ,English,
know ,English,
know-how ,English,
knowledge ,English,
label ,English,
medical labor,English,
labor ,English,
lamp ,English,
land ,English,
left ,English,
leg ,English,
lemon ,English,
lend ,English,
lethal ,English,
load ,English,
love ,English,
lucky ,English,
luggage ,English,
lumber ,English,
lump ,English,
lunch ,English,
lust ,English,
luxurious ,English,
luxury ,English,
mad ,English,
marvelous ,English,
manifest ,English,
manifold ,English,
maggot ,English,
magic ,English,
make ,English,
man ,English,
many ,English,
march ,English,
mare ,English,
mark ,English,
market ,English,
meet ,English,
melt ,English,
mend,English,
mercy ,English,
mill ,English,
mine field ,English,
mouth ,English,
music ,English,
mustache ,English,
myth ,English,
name ,English,
nail ,English,
near ,English,
neat ,English,
neck ,English,
necklace ,English,
need ,English,
needle ,English,
needy ,English,
negotiate ,English,
neighbor ,English,
new ,English,
no ,English,
no,English,
noise ,English,
north ,English,
nose ,English,
nostril ,English,
note,English,
money note,English,
muscial note,English,
November ,English,
number ,English,
oak ,English,
oar ,English,
occasion ,English,
occasionally ,English,
occupation ,English,
occupy ,English,
occur ,English,
occurrence,English,
ocean ,English,
October ,English,
odor ,English,
off ,English,
offense ,English,
offer ,English,
office ,English,
military officer,English,
official ,English,
oil ,English,
oily ,English,
parrot ,English,
part ,English,
pass out ,English,
penis ,English,
perform ,English,
factory plant,English,
plant,English,
plead ,English,
poor ,English,
pork ,English,
praise ,English,
pray ,English,
prayer ,English,
preach ,English,
precaution ,English,
pregnancy ,English,
pregnant ,English,
punish ,English,
punishment ,English,
push ,English,
qualification ,English,
qualified ,English,
qualify ,English,
quality ,English,
quantity ,English,
quarrel ,English,
quarrelsome ,English,
quarter ,English,
quay ,English,
queen ,English,
query ,English,
question ,English,
queue ,English,
quick ,English,
quiet ,English,
quit ,English,
quiz ,English,
quota ,English,
rabbi ,English,
rabbit ,English,
rabies ,English,
raccoon ,English,
rag ,English,
rage ,English,
rain ,English,
ram ,English,
ramp ,English,
ranch ,English,
rape ,English,
rapid ,English,
rapture ,English,
rattle ,English,
razor ,English,
razor blade ,English,
rectify ,English,
recuperate ,English,
recurrence ,English,
red ,English,
refusal ,English,
refuse ,English,
sabotage ,English,
sack ,English,
sacrifice ,English,
sad ,English,
salt ,English,
salute ,English,
sand ,English,
savage ,English,
save ,English,
savings,English,
saw ,English,
say ,English,
saying ,English,
scab ,English,
scalp ,English,
scar ,English,
scarce ,English,
table ,English,
tablet ,English,
tack ,English,
tact ,English,
tactful ,English,
tactical ,English,
tactics ,English,
tactless ,English,
tail ,English,
tailor ,English,
take,English,
tale ,English,
talent ,English,
talk ,English,
tall ,English,
tame ,English,
tank ,English,
tanker,English,
tap,English,
tar ,English,
taste ,English,
tasteless,English,
tear,English,
tear ,English,
udder ,English,
ugly ,English,
ulcer ,English,
underline ,English,
undermine ,English,
underneath ,English,
underpass ,English,
understand ,English,
understandable ,English,
understanding ,English,
understatement ,English,
undertaking ,English,
underwater ,English,
underwear ,English,
undesirable ,English,
uneducated ,English,
uniform ,English,
unify ,English,
university ,English,
unjust ,English,
unload ,English,
unlock,English,
unpack ,English,
unrest ,English,
vacancy ,English,
vacant ,English,
vacate ,English,
valid ,English,
valuable ,English,
veil ,English,
verb ,English,
verse ,English,
veto ,English,
victory ,English,
village ,English,
violate ,English,
vocabulary ,English,
void,English,
void ,English,
volume,English,
vomit ,English,
vote ,English,
vow ,English,
wages ,English,
wagon ,English,
waist ,English,
wait ,English,
waiter ,English,
wake ,English,
walk ,English,
wall ,English,
wallet ,English,
want ,English,
watchguard,English,
watch,English,
world ,English,
worm ,English,
worship ,English,
wrist ,English,
x-ray ,English,
yacht ,English,
yard,English,
yawn ,English,
year ,English,
yeast ,English,
yell ,English,
yellow ,English,
yes,English,
yesterday ,English,
yet ,English,
yield ,English,
yogurt ,English,
yolk,English,
young ,English,
your,English,
youth,English,
youthful ,English,
zebra ,English,
zero ,English,
zigzag ,English,
zinc ,English,
zipper ,English,
minnesotas state parks are spread across the state in such a way that there is a state park within  miles  km of every minnesotan the most recent park created is lake vermilion state park created in  currently the parks range in size from franz jevne state park with  acres  ha to saint croix state park with  acres  ha two parks include resources listed as national natural landmarks big bog state recreation area and itasca state park and six parks encompass national historic landmarks charles a lindbergh fort snelling mille lacs kathio st croix soudan underground mine and split rock lighthouse state parks  sites or districts across  minnesota state parks are on the national register of historic places nrhp including  parks with developments constructed by new deal-era job creation programs ,English,
ṣẹ́kù,Yoruba,
gé kúrú,Yoruba,
ìgékúrú,Yoruba,
ìṣẹ́kù,Yoruba,
àkékúrú,Yoruba,
nordahl road is a station served by north county transit districts sprinter light rail line it straddles the city limits of san marcos and escondido california with its mailing address in escondido the station is located between barham drive and auto park waynordahl road both of which intersect east mission road it consists of a single platform and track ,English,
àkọ̀mọ̀nà,Yoruba,
a talk by takis fotopoulos about the internationalization of the capitalist market economy and the project of inclusive democracy a talk given by takis fotopoulos at the university of vermont in  followed by a discussion in which murray bookchin dan chodorkoff and others take part video in  parts retrieved  january ,English,
ikùn,Yoruba,
while running a campaign to elect his sister sherry martschink to lieutenant governor in  shealy with the help of robert kohn recruited unemployed black fisherman benjamin hunt jr to run for congress against republican arthur ravenel jr shealy sought to increase the turnout of white voters by playing to the racial fears of the south carolina electorate he promised hunt who had a prior drug arrest  to run for congress and paid for his  filing fee shealy paid for the fees with an unreported  campaign contribution to his sister from laidlaw environmental services ,English,
reynolds was born in wiesbaden germany where his father a career military man was stationed he says he hails from nowhere because the family moved so often his family lived many places including germany a farm in indiana an army base in alaska kansas and missouri where he lived longer than any other place until he was old enough to move away as an adult both parents were extremely devout christians and he says he grew up with christian music all around him however his older sister owned some albums from the beatles which he says even as a very young child he loved instantly playing air guitar to their music ,English,
gbé sálọ,Yoruba,
fà kúrò,Yoruba,
ré lọ,Yoruba,
ìgbésálọ,Yoruba,
ìrélọ,Yoruba,
bágbé,Yoruba,
agbára,Yoruba,
òye,Yoruba,
gbiná,Yoruba,
jó-wòwò,Yoruba,
obreption and subreption both from the latin word reporeptum genitive meaning to creep or crawl the prefix ob- means "towards against or in the way of" sub- means "under or close to" are terms used in ancient roman law and in the canon law applied by the catholic church to species of fraud by which an ecclesiastical rescript is obtained ,English,
lè,Yoruba,
the boys soccer team was coached by gene chyzowych one of the most successful active scholastic soccer coaches in the nation the  boys soccer team won the north ii group iv state sectional championship with’ win over westfield high school in the tournament final ,English,
lágbára,Yoruba,
there was a reaction to these changes complaints arose over so-called "fads and frills"-inessentials said to be leading to the neglect of reading writing spelling and arithmetic new york papers read by local commuters campaigned for a return to the efficiency of the "little old red schoolhouse" but the changes were here to stay ,English,
ṣàjèjì,Yoruba,
àbàmì,Yoruba,
parẹ́,Yoruba,
sọ dasán,Yoruba,
sọ dòfo,Yoruba,
ṣíṣẹ́ oyún,Yoruba,
ìṣẹ́yún,Yoruba,
ìṣẹ́nú,Yoruba,
lóde,Yoruba,
lẹ́hìn odi,Yoruba,
ìdálẹ̀,Yoruba,
lójijì,Yoruba,
láìmọ̀tẹ́lẹ̀,Yoruba,
àìsí ńlé,Yoruba,
kò sí,Yoruba,
kò wà ,Yoruba,
ṣàìwà,Yoruba,
pátápátá,Yoruba,
fàmu,Yoruba,
mì,Yoruba,
lá,Yoruba,
mu tán,Yoruba,.
fà sẹ́hìn,Yoruba,
takété,Yoruba,
sẹ́ ra,Yoruba,
àfòyemọ̀,Yoruba,
ṣàìbọ́gbọ́nmu,Yoruba,
ọ̀pọ̀,Yoruba,
lọ́pọ̀lọpọ̀,Yoruba,
jiwinni,Yoruba,
èébú,Yoruba,
àbùkù,Yoruba,
ìlòlọ́nàìtọ́,Yoruba,
lòlọ́nàìtọ́,Yoruba,
bú,Yoruba,
lò nílòkulò,Yoruba,
pèlórúkọkórúkọ,Yoruba,
ti èébú,Yoruba,
àjẹmọ́ akadá,Yoruba,
ilé ẹ̀kọ́ gíga,Yoruba,
ilé ẹ̀kọ́ ìjìnlẹ̀.,Yoruba,
mú yára,Yoruba,
mú lọ síwájú,Yoruba,
ìyára,Yoruba,
ohun imúyára,Yoruba,
àmì ohùn,Yoruba,
gbà,Yoruba,
tẹ́wọ́gbà,Yoruba,
gbígbà,Yoruba,
títẹ́wọ́gbà,Yoruba,
ìtẹ́wọ́gbà,Yoruba,
àyè,Yoruba,
ọ̀nà,Yoruba,
fùn láyè,Yoruba,
àwọn èròjà,Yoruba,
èròjà,Yoruba,
ilé ẹ̀kọ́ ìjìnlẹ̀,Yoruba,
fí-fọ́,Yoruba,
ríro,Yoruba,
ṣe-tán,Yoruba,
ṣe-parí,Yoruba,
oríre,Yoruba,
àṣetán,Yoruba,
àṣeparí,Yoruba,
kan,Yoruba,
kíkan,Yoruba,
mú,Yoruba,
ògùn kíkan,Yoruba,
ògùn mímú,Yoruba,
jẹ́wọ́,Yoruba,
ìjẹ́wọ́,Yoruba,
ìjúbà,Yoruba,
eléré ìtàkìtì,Yoruba,
alágèéré,Yoruba,
ìrànlọ́wọ́,Yoruba,
ìtilẹhìn,Yoruba,
yípo,Yoruba,
káríkárí,Yoruba,
sọdi púpọ̀mú pọ̀sí dàgbàsi fikún firọ́pọ̀,Yoruba,
oṣù kẹjọ̀ọ́ ọdún,Yoruba,
òdodo,Yoruba,
tòótọ́,Yoruba,
ojúlówó,Yoruba,
fi ẹ̀rí ládìí,Yoruba,
àwọn alágbára òfin,Yoruba,
àwọn àláṣẹ̀ẹ,Yoruba,
àwọn alágbára,Yoruba,
agbára àṣẹ,Yoruba,
agbára òfin,Yoruba,
àṣẹ,Yoruba,
fífún lágbára,Yoruba,
fífúnláṣẹ,Yoruba,
ìpaláṣẹ,Yoruba,
fúnláṣẹ,Yoruba,
jẹ́,Yoruba,
fún lágbára,Yoruba,
fífi ọwọ́ ẹni kọ sílẹ̀,Yoruba,
ífẹwọ́enikọsílẹ̀,Yoruba,
ìfọwọ́sí,Yoruba,
fi ẹ̀rọ tì síwájú,Yoruba,
fẹ̀rọṣí,Yoruba,
ohun tí nṣiṣẹ́ fún ararẹ̀,Yoruba,
ohun tí ntìkararẹ̀ ṣIṣẹ́,Yoruba,
ìfi ẹ̀rọ tí nkan síwájú,Yoruba,
fi ẹ̀rọ́ fún lágbára ìrìn,Yoruba,
mọ́tọ̀ ayọ́kẹ́lẹ́,Yoruba,
láìgbáralé,Yoruba,
láìní alákoso,Yoruba,
láìfàrakọ́,Yoruba,
èyítí nṣe ìlú fún ara rẹ̀,Yoruba,
àìgbáralé,Yoruba,
ṣe alákoso,Yoruba,
láìfarakọ,Yoruba,
agbára àti máa ṣe ìlú fún ara ẹni,Yoruba,
ètò ìṣewàdí ohun tí ó pa ni,Yoruba,
ìṣèwádì ewu tí ó pani,Yoruba,
àkókò ìkórè,Yoruba,
ìgbà ogbò,Yoruba,
ìṣanfàní,Yoruba,
lílérè,Yoruba,
lérè,Yoruba,
yẹ,Yoruba,
ṣànfàní,Yoruba,
tí a lè rì gbà,Yoruba,
tí a lè rí lò,Yoruba,
ìdógìdì olójijì ohunkóhun,Yoruba,
gbẹ̀sán,Yoruba,
kọ̀yà,Yoruba,
ọ̀nà gbọrọ,Yoruba,
ojú ọ̀nà,Yoruba,
níwọ̀n,Yoruba,
ìwọ̀túnwọ̀nsì,Yoruba,
ìrira,Yoruba,
àiní ìfẹ́sí,Yoruba,
"mú-kúrò, ",Yoruba,
dá-dúró,Yoruba,
yí-padà,Yoruba,
ọhun nípa ṣíṣe àti wíwa ọkọ́ òfúrufú,Yoruba,
ìgbádùn,Yoruba,
yẹra fún,Yoruba,
bìlà-fún,Yoruba,
yàgò-fún,Yoruba,
gáfárà-fún,Yoruba,
ohun ìṣọ́ra fún,Yoruba,
yíyẹra-fún,Yoruba,
síṣóra,Yoruba,
yíyẹra,Yoruba,
dúró dè,Yoruba,
retí,Yoruba,
múra sílẹ̀ dè,Yoruba,
ìtají,Yoruba,
jí,Yoruba,
jí lójú orun,Yoruba,
tají,Yoruba,
ẹ̀bùn,Yoruba,
èrè,Yoruba,
pín fún,Yoruba,
ṣe ìdájọ́ fún,Yoruba,
mọ̀,Yoruba,
fura,Yoruba,
kíyèsí,Yoruba,
ìfura,Yoruba,
àkíyèsí,Yoruba,
ìmọ̀,Yoruba,
kúrò,Yoruba,
kálọ,Yoruba,
jìnnà,Yoruba,
búrújù,Yoruba,
lẹ́rù,Yoruba,
lọ́wọ̀,Yoruba,
burú,Yoruba,
àinílárí,Yoruba,
wúru-wùru,Yoruba,
àìrọrùn,Yoruba,
àtíbàbà,Yoruba,
àáké,Yoruba,
ẹdùn,Yoruba,
ọ̀pá tàbí ilà ìlàrín tíí nkan yí,Yoruba,
ọ̀pá onírin tíí mú kẹ̀kẹ́ rìn,Yoruba,
ọ̀bọ lágídò,Yoruba,
ìnàkí,Yoruba,
irò,Yoruba,
ọmọ,Yoruba,
ọmọ-ọwọ́ ,Yoruba,
ọmọ-jòjòló,Yoruba,
àpọ́n,Yoruba,
ẹ̀hìn,Yoruba,
tẹ̀hìn,Yoruba,
lẹ́hìn,Yoruba,
ẹ̀hìn ọgbà,Yoruba,
tìlẹ́hìn,Yoruba,
pọ̀n sẹ́hìn,Yoruba,
rànlọ́wọ́,Yoruba,
egungun ẹ̀hìn,Yoruba,
ìpìlẹ̀,Yoruba,
ipó ẹ̀hìn,Yoruba,
àpamọ́ ìwé ọmọ iléwèé,Yoruba,
ìfàsẹ́hìn,Yoruba,
ẹran ara ẹlẹ́dẹ̀ tí a fi iyọ̀ sí,Yoruba,
kòkòrò àìsàn,Yoruba,
burúkú,Yoruba,
ṣàìdára,Yoruba,
àmì,Yoruba,
dà-rú,Yoruba,
sọ-dasán,Yoruba,
tàn-jẹ,Yoruba,
àpò,Yoruba,
ọ̀kẹ́,Yoruba,
ẹrù,Yoruba,
ṣò,Yoruba,
ṣíṣò,Yoruba,
ọmọ-ọwọ́,Yoruba,
"ẹ̀hìn, tẹ̀hìn",Yoruba,
lé lọ,Yoruba,
lé kúrò ní ìlú,Yoruba,
rán jáde,Yoruba,
ẹ̀fó òyìnbó,Yoruba,
yàrá inú ọkọ̀,Yoruba,
yàrá,Yoruba,
àgọ́,Yoruba,
ìgbìmọ̀ ìjọba,Yoruba,
àpótí ohun ọ̀ṣọ́,Yoruba,
okùn tàbí ẹ̀wọ̀n ìdákọ̀ dúró,Yoruba,
igi ọrọ́,Yoruba,
ilé ìjẹun,Yoruba,
èlò kíkorò inú obì,Yoruba,
èlò ìmu kánilára,Yoruba,
èlò ìrúsókè ara,Yoruba,
ilé ẹiyẹ,Yoruba,
àgọ̀,Yoruba,
kuku,Yoruba,
akara didun oyinbo,Yoruba,
ole,Yoruba,
moinmoin,Yoruba,
ògùn ìmún egungun lágbára,Yoruba,
ohun éló pàtàkì tí mbẹ nínú ilẹ̀,Yoruba,
ṣírò,Yoruba,
kà,Yoruba,
ìṣirò,Yoruba,
kíkà,Yoruba,
ẹ̀rọ ìṣirò,Yoruba,
ìwé ìkaye oṣù nínú ọdún,Yoruba,
ìwé ìkaye ọ̀sẹ̀ nínú ọdún,Yoruba,
ìwé ìkaye ọjọ́ nínú ọdún,Yoruba,
ọmọ màálù,Yoruba,
iṣu ẹsẹ̀,Yoruba,
ìpè,Yoruba,
bíbásọ̀rọ̀ lórí ẹ̀rọ,Yoruba,
pípè lórí ẹ̀rọ ìsọ̀rọ̀gbésì,Yoruba,
pè,Yoruba,
tẹ̀ lágogo,Yoruba,
na ohùn sí,Yoruba,
ìdákẹ́jẹ́jẹ́,Yoruba,
ìdákẹ́ rọ́rọ́,Yoruba,
bàbá,Yoruba,
ọ̀bẹ olójúméjì,Yoruba,
idà kúkurú,Yoruba,
lójojúmọ́,Yoruba,
ojojúmọ́,Yoruba,
níjọ́gbogbo,Yoruba,
ibi ìfúnwàrà,Yoruba,
ṣíṣe ọ̀nà omi,Yoruba,
dídarí omi ṣíṣàn,Yoruba,
òfò,Yoruba,
ìbàjẹ́,Yoruba,
àdánù,Yoruba,
ìfarapa,Yoruba,
jàmbá,Yoruba,
ọ̀ririn,Yoruba,
òtútù,Yoruba,
ìkúku,Yoruba,
ògìnnìtìn,Yoruba,
ijó,Yoruba,
jó,Yoruba,
ìjàmbá,Yoruba,
ewu,Yoruba,
léwu,Yoruba,
ní ìjàmbá,Yoruba,
ṣú,Yoruba,
ṣókùnkùn,Yoruba,
àìmòye,Yoruba,
ṣú òkùnkùn,Yoruba,
ṣe àìmòye,Yoruba,
òkùnkùn,Yoruba,
ẹ̀kọ́,Yoruba,
ìwífún,Yoruba,
àkójọ́ èdè fáyẹ̀wò,Yoruba,
èso ọ̀pẹ dídùn,Yoruba,
àkókò,Yoruba,
ọjọ́ tí nkan ṣẹlẹ̀,Yoruba,
irú ìlò gírámà kan,Yoruba,
ọmọ obìnrin,Yoruba,
ìyàwó ọmọ ẹni,Yoruba,
àárọ̀ kùtù,Yoruba,
kùtù-kùtù,Yoruba,
àfẹ̀mọ́júmọ́,Yoruba,
ọyẹ́,Yoruba,
mọ́lẹ̀,Yoruba,
bẹ̀rẹ̀sí fi ara hàn,Yoruba,
ọ̀kọ̀kan,Yoruba,
olúkúlùkú,Yoruba,
nítara,Yoruba,
níwára,Yoruba,
idì ,Yoruba,
ẹyẹ,Yoruba,
etí,Yoruba,
ṣirì-ọkà,Yoruba,
pa owó iṣẹ́,Yoruba,
jẹ,Yoruba,
ṣiṣẹ́ owó,Yoruba,
rí-gbà,Yoruba,
tọ́sí,Yoruba,
ayé,Yoruba,
ilẹ̀,Yoruba,
èrùpẹ̀,Yoruba,
ìrúké ilẹ̀,Yoruba,
ilẹ̀ mímì,Yoruba,
ìwàrìrì ilẹ̀,Yoruba,
ìrọra,Yoruba,
àìnira,Yoruba,
ìdẹra,Yoruba,
ìlà òrùn,Yoruba,
gàbasì,Yoruba,
ọjọ́ àjínde Krístì,Yoruba,
àgbèǹde,Yoruba,
nìlà-òrùn,Yoruba,
lọ́nà ìlà-òrùn,Yoruba,
níha ìlà-òrùn,Yoruba,
rọrùn,Yoruba,
láìṣòro,Yoruba,
ní-rọrùn,Yoruba,
láìnira,Yoruba,
gbohùngbohùn,Yoruba,
àpèpadà,Yoruba,
àpapọ̀ òrùn àti òṣùpá ní àwọ̀sánmà,Yoruba,
ìṣìjìbò,Yoruba,
ìmúṣókùnkùn,Yoruba,
ẹ̀kọ́ nípa ọ̀gbọgbà ayé,Yoruba,
nípa ìṣúnná,Yoruba,
ọrọ̀-ajé,Yoruba,
ìṣúnná,Yoruba,
ìṣúnlò,Yoruba,
mímọ owó tọ́jú,Yoruba,
ojú ohun èlò,Yoruba,
etí nkan,Yoruba,
ìgbátí,Yoruba,
ojú ọ̀bẹ,Yoruba,
tún ìwé kíkọ ṣe fún títà,Yoruba,
olótùú,Yoruba,
kọ́ lẹ́kọ̀ọ́,Yoruba,
tọ́,Yoruba,
kọ́,Yoruba,
ìtọ́ ọmọdé,Yoruba,
ẹja àdàgba,Yoruba,
ìtàn asán,Yoruba,
àlọ́,Yoruba,
aṣọ,Yoruba,
ojú,Yoruba,
àsọdájú,Yoruba,
àsọpàtó,Yoruba,
ohun ìdájú gan,Yoruba,
ilé Iṣẹ,Yoruba,
ilé òwò,Yoruba,
ẹgbẹ́ àwọn oníṣòwò,Yoruba,
ìyè,Yoruba,
ọgbọ́n orí,Yoruba,
ṣá,Yoruba,
rẹ̀ sílẹ̀,Yoruba,
tí,Yoruba,
fò,Yoruba,
bàjẹ́,Yoruba,
kùnà,Yoruba,
yẹ̀,Yoruba,
bàtì,Yoruba,
tàsé,Yoruba,
àìhàn tán,Yoruba,
àìhàn rere,Yoruba,
dákú,Yoruba,
ṣàárẹ̀,Yoruba,
ṣojo,Yoruba,
àrọ̀nì,Yoruba,
egbére,Yoruba,
iwin,Yoruba,
kúrékùré,Yoruba,
ìtàn àrọ̀nì,Yoruba,
ìgbàgbọ́,Yoruba,
ìgbẹ́kẹ̀lẹ́,Yoruba,
olóòótọ́,Yoruba,
olódodo,Yoruba,
tí kíì ṣe òtítọ́,Yoruba,
pa-rọ́,Yoruba,
ṣe bí ẹnipé,Yoruba,
dibọ́n,Yoruba,
àṣá,Yoruba,
ìgbà òtútù,Yoruba,
"ṣubú, bẹ́ sílẹ̀",Yoruba,
wó,Yoruba,
fàsẹ́hìn,Yoruba,
dínkù,Yoruba,
láìṣòótọ́,Yoruba,
ní aiyédèrú,Yoruba,
láìṣòtítọ́,Yoruba,
òkìkí,Yoruba,
ohun ìdáná,Yoruba,
igi,Yoruba,
ẹyìn,Yoruba,
mú ṣẹ,Yoruba,
ìmúṣẹ,Yoruba,
àmúṣe,Yoruba,
kún,Yoruba,
èéfín,Yoruba,
oru,Yoruba,
iré,Yoruba,
ìṣiré,Yoruba,
ẹ̀fẹ̀,Yoruba,
àwàdà,Yoruba,
ìlò,Yoruba,
ṣe,Yoruba,
lò,Yoruba,
owo ìlélẹ̀,Yoruba,
ìkójọpọ̀ owó,Yoruba,
ti ìpilẹ̀ṣẹ̀,Yoruba,
pàtàkì,Yoruba,
ìsìnkú,Yoruba,
olú,Yoruba,
olú ehù igi,Yoruba,
jèrè,Yoruba,
rí gbà,Yoruba,
ríṣe,Yoruba,
ta tẹ́tẹ́,Yoruba,
ẹyẹ tí ọdẹ pa,Yoruba,
ẹgbẹ́ tí ó sowọ́ pọ̀ láti ṣe nǹkan,Yoruba,
ihò,Yoruba,
ẹnu ọ̀nà òde,Yoruba,
ìlẹ̀kùn,Yoruba,
àbáwọlé,Yoruba,
àbáwọ̀lú,Yoruba,
ìwọ̀lú,Yoruba,
ojúbodè,Yoruba,
ọ̀pá ìdíwọ̀n,Yoruba,
ögágun,Yoruba,
olórí ogun,Yoruba,
òmìrán,Yoruba,
asígbọnlẹ̀,Yoruba,
"ẹ̀bùn, ọrẹ",Yoruba,
ọmọbìnrin,Yoruba,
ọ̀rẹ́ obìnrin,Yoruba,
fi fún,Yoruba,
fi bùn,Yoruba,
jìn,Yoruba,
yọ̀,Yoruba,
ṣe inúdídùn,Yoruba,
ìṣújú,Yoruba,
wò fírí,Yoruba,
kófírí,Yoruba,
wò wẹ́rẹ́,Yoruba,
tan ìmọ́lẹ̀,Yoruba,
dídán,Yoruba,
ìbọwọ́,Yoruba,
gbóná janjan,Yoruba,
ìwọra,Yoruba,
ojúkòkòrò,Yoruba,
awun,Yoruba,
níwọra,Yoruba,
lójúkòkòrò,Yoruba,
láwun,Yoruba,
aláwọ̀ ewéko,Yoruba,
aláwọ̀ ọ̀bẹ̀-òdò,Yoruba,
àìpọ́n,Yoruba,
àìdẹ̀,Yoruba,
tútù,Yoruba,
ọbẹdò,Yoruba,
ilé ìtọ́jú ohun ọ̀gbìn,Yoruba,
kí,Yoruba,
yọ̀mọ́,Yoruba,
ìkíni,Yoruba,
ìyọ̀mọ́ní,Yoruba,
ohun èlò ìjagun,Yoruba,
ẹtù ìfọwọ́jù,Yoruba,
tí ó lí àwọ̀ dúdú fẹ́rẹ́,Yoruba,
ìbanújẹ́,Yoruba,
ìkáànú,Yoruba,
ẹ̀dùn,Yoruba,
ohun ìbanújẹ́,Yoruba,
ohun tí ó mú ìbínújẹ́ wá,Yoruba,
bànínújẹ́,Yoruba,
dùn,Yoruba,
mú ní kẹ́dùn,Yoruba,
fìró ẹ̀mí ẹni,Yoruba,
dánwò,Yoruba,
yan onjẹ lórí iná,Yoruba,
korò,Yoruba,
rorò,Yoruba,
èérí,Yoruba,
ẹ̀rín àìdénú,Yoruba,
rẹ́ẹ̀rín akọ,Yoruba,
rẹ́ẹ̀rín ẹ̀gàn,Yoruba,
lọ̀,Yoruba,
pọ́n,Yoruba,
ìgbámú,Yoruba,
ìgbọwọ́,Yoruba,
gbámú,Yoruba,
dìmú ṣinṣin,Yoruba,
ìkérora,Yoruba,
gbígbin,Yoruba,
kérora,Yoruba,
kédàárò,Yoruba,
gbin,Yoruba,
ọjà,Yoruba,
èèlò,Yoruba,
kòtò itan,Yoruba,
apoko ẹṣin,Yoruba,
olùtọ́jú ẹṣin,Yoruba,
ọkọ-ìyàwó,Yoruba,
ihò ìtẹ̀bọ̀,Yoruba,
ìdílé,Yoruba,
orísun,Yoruba,
àkójọpọ̀,Yoruba,
ìdìpọ̀,Yoruba,
òkìtì,Yoruba,
"kójọpọ̀, dìpọ̀",Yoruba,
igbó kékeré,Yoruba,
igbó ṣuru,Yoruba,
hù,Yoruba,
so,Yoruba,
dàgbà,Yoruba,
ké,Yoruba,
ìdàgbàsókè,Yoruba,
dídàgbà ènìyìàn,Yoruba,
tàn,Yoruba,
ràn,Yoruba,
kòkòrò,Yoruba,
ìdin,Yoruba,
foniláyà,Yoruba,
tìbẹ̀rù-bojo,Yoruba,
oníkanra,Yoruba,
kùn bí ẹlẹ́dẹ̀,Yoruba,
onígbọ̀wọ́,Yoruba,
ẹ̀rí,Yoruba,
ṣe ẹ̀rí,Yoruba,
ṣọ́,Yoruba,
dábòbò,Yoruba,
àbò,Yoruba,
ẹ̀ro ìṣọ́ni,Yoruba,
alámọ̀,Yoruba,
àbùsọ,Yoruba,
lámọ̀,Yoruba,
rò sọ,Yoruba,
ilé àlejò,Yoruba,
ilé èrò,Yoruba,
ìtọ́nà,Yoruba,
ìfọ̀nàhàn,Yoruba,
tọ́ka,Yoruba,
sìn,Yoruba,
tọ́ sí ọ̀nà,Yoruba,
fi ọ̀nà hàn,Yoruba,
ìwé ìtọ́nisọ́nà,Yoruba,
àwọn ètò ìtọ́nisọ́nà tàbí ìfọ̀nà han ni,Yoruba,
ẹ̀bi ẹ̀ṣẹ̀,Yoruba,
ẹ̀ṣẹ̀,Yoruba,
jẹ̀bi,Yoruba,
ẹ́lẹ́ṣẹ̀,Yoruba,
dálẹ́bi,Yoruba,
ohun ọnà orin olókùn títa,Yoruba,
omi òkun tí ó yà wọ inú ilẹ̀,Yoruba,
tí ṣe ni ní ẹ̀gọ̀,Yoruba,
èrìgì,Yoruba,
ìbọn,Yoruba,
àgbá,Yoruba,
ayìnbọn,Yoruba,
arọ́gbàá,Yoruba,
afẹ́fẹ́ òjijì,Yoruba,
ìfun,Yoruba,
gbọ̀ngan ìdárayá,Yoruba,
ìwà,Yoruba,
ìṣe,Yoruba,
bárakú,Yoruba,
ìwọṣọ,Yoruba,
òjò dídì,Yoruba,
yìnyín,Yoruba,
irun ara,Yoruba,
irun orí,Yoruba,
irungígẹ̀,Yoruba,
onídìrí,Yoruba,
afárun,Yoruba,
irú irun ígẹ̀ tàbi dídì lóríṣiríṣi,Yoruba,
onírun yẹtuyẹtu,Yoruba,
ìdajì,Yoruba,
àbọ̀,Yoruba,
ìdáméjì,Yoruba,
ẹnití àwọn òbi rẹ̀ wá láti ẹ̀yà ọ̀tọ̀tọ̀,Yoruba,
ṣeku-ṣẹiyẹ,Yoruba,
kòṣeku-kòṣẹiyẹ,Yoruba,
yàrá ńlá,Yoruba,
dá sí méjì,Yoruba,
pín sí méjì,Yoruba,
itan ẹlẹ́dẹ̀ oníyọ̀,Yoruba,
ìkúnwọ́,Yoruba,
dára,Yoruba,
lẹ́wà,Yoruba,
ìkọ̀wé,Yoruba,
nítòsí,Yoruba,
gbé kọ́,Yoruba,
fikọ́,Yoruba,
ilé ìfipamọ́ ọkọ̀ òfúrufú,Yoruba,
ṣẹlẹ̀,Yoruba,
inúdídùn,Yoruba,
àlàáfíà,Yoruba,
ayọ̀,Yoruba,
èbúté ọkọ̀,Yoruba,
nira,Yoruba,
le,Yoruba,
ṣòro,Yoruba,
ìṣòro,Yoruba,
ìnira,Yoruba,
ehoro,Yoruba,
ilé ẹlẹ́hàá,Yoruba,
ìpalára,Yoruba,
ibi,Yoruba,
palára,Yoruba,
nípàlaára,Yoruba,
láìléwu,Yoruba,
láìnípalára,Yoruba,
ìṣedédé,Yoruba,
ìrẹ́pọ̀,Yoruba,
ìbárẹ́,Yoruba,
ìjánu ẹṣin,Yoruba,
líle,Yoruba,
ìkórè,Yoruba,
ìkánjú,Yoruba,
àìfarabalẹ̀,Yoruba,
àìgbéjẹ́,Yoruba,
àkẹtẹ̀,Yoruba,
ate,Yoruba,
yínyín,Yoruba,
pípa ọmọ nínú ẹyin,Yoruba,
yín,Yoruba,
pa ọmọ nínú ẹyin,Yoruba,
ìkórira,Yoruba,
kórira,Yoruba,
kún fún ìrira,Yoruba,
gbé,Yoruba,
fà,Yoruba,
wọ́,Yoruba,
wòsàn,Yoruba,
mú lára dá,Yoruba,
wòjiná,Yoruba,
omi dídì,Yoruba,
wàrà dídì aláàdúùn,Yoruba,
ẹ̀sọ ọ̀rọ̀,Yoruba,
lẹ,Yoruba,
áìṣiṣẹ́,Yoruba,
ère,Yoruba,
òrìṣà,Yoruba,
kẹ́,Yoruba,
sọdòrìṣà,Yoruba,
àwòrán,Yoruba,
eré,Yoruba,
fojú inú wò,Yoruba,
rò,Yoruba,
gbèrò,Yoruba,
tẹ̀lé,Yoruba,
ṣe àfarawé,Yoruba,
farawé,Yoruba,
sínjẹ,Yoruba,
aláìnítẹ̀ẹ́nú,Yoruba,
lágbára ìrọ́lù,Yoruba,
àìnípa,Yoruba,
àìlágbára,Yoruba,
láìlèsúnmọ́,Yoruba,
láìlèlàkọjá,Yoruba,
láìpe,Yoruba,
láìkàpé,Yoruba,
níṣìṣe,Yoruba,
láìṣe nkan,Yoruba,
láìṣIṣẹ́,Yoruba,
láìtó,Yoruba,
láìtóǹkan,Yoruba,
bomi rin,Yoruba,
dá wà,Yoruba,
dágbé,Yoruba,
yà sọ́tọ̀,Yoruba,
lé sọnù,Yoruba,
ìhúnra,Yoruba,
ìṣáká,Yoruba,
ifọ́n,Yoruba,
kúrúnà,Yoruba,
húnra,Yoruba,
ìwé ètò ìrìnàjò,Yoruba,
ehín erin,Yoruba,
ìtakùn ewéko,Yoruba,
ẹ̀wù àwọ̀lékè,Yoruba,
ilé túbú,Yoruba,
ilé ẹ̀wọ̀n,Yoruba,
ìyọnu,Yoruba,
èso igi tí a ti sè,Yoruba,
fífún pọ̀,Yoruba,
títìpọ̀,Yoruba,
olùtọ́jú ilé iṣẹ́,Yoruba,
oṣù kíní ọdún,Yoruba,
iṣẹ́ kékeré,Yoruba,
iṣẹ́,Yoruba,
kún fún ayò,Yoruba,
ṣàríyá,Yoruba,
adájọ́,Yoruba,
onídájọ́,Yoruba,
dájọ́,Yoruba,
dálẹ́jọ́,Yoruba,
fojú wọ̀n,Yoruba,
ìdájọ́,Yoruba,
oṣù keje ọdún,Yoruba,
bẹ́,Yoruba,
oṣù kẹfà ọdún,Yoruba,
òtítọ́,Yoruba,
ìdáláre,Yoruba,
dá láre,Yoruba,
ti èwe,Yoruba,
ti ọmọdé,Yoruba,
ẹranko afikùn gbọ́mọ rẹ̀ pọ̀n,Yoruba,
fi pamọ́,Yoruba,
tọ́jú,Yoruba,
ilé ajá,Yoruba,
kọ́kọ́rọ́,Yoruba,
ọmọ ìṣíkà,Yoruba,
ọmọ àgàdàgodo,Yoruba,
ìtumọ̀,Yoruba,
ìtàpá,Yoruba,
tàpá,Yoruba,
ọba,Yoruba,
ìfẹnukonu,Yoruba,
fi ẹnu konu,Yoruba,
ilé ìseńjẹ,Yoruba,
ibi ìdáná,Yoruba,
pò,Yoruba,
orúnkún,Yoruba,
eékún,Yoruba,
egungun eékún,Yoruba,
kúnlẹ̀,Yoruba,
ọ̀bẹ,Yoruba,
irú olóyè kan,Yoruba,
fi ọwọ́ hun,Yoruba,
dàpọ̀,Yoruba,
kókó,Yoruba,
lù,Yoruba,
kàn,Yoruba,
kànkùn,Yoruba,
ìdìjú,Yoruba,
ìsolù,Yoruba,
ọgbọ́n ìmọ̀,Yoruba,
ìmọ iṣẹ́ ọnà,Yoruba,
"ìmọ̀, mímọ̀",Yoruba,
ọgbọ́n,Yoruba,
ìwé ìsàmì,Yoruba,
ìrọbí,Yoruba,
làálàá,Yoruba,
fìtílà,Yoruba,
àtùpà,Yoruba,
òsì,Yoruba,
ẹsẹ̀,Yoruba,
òrom̀bó kíkan,Yoruba,
yá,Yoruba,
eléwu,Yoruba,
ìfẹ́,Yoruba,
fẹ́,Yoruba,
fẹ́ràn,Yoruba,
ní orí rere,Yoruba,
gẹdú,Yoruba,
pákó lílà,Yoruba,
ìṣù,Yoruba,
onjẹ ọ̀sán,Yoruba,
àgbèrè,Yoruba,
ìfẹ́kúfẹ̀ẹ́,Yoruba,
ṣe àgbèrè,Yoruba,
ṣe ìfẹ́kúfẹ̀ẹ́ sí,Yoruba,
kún fún adùn,Yoruba,
dídùndídùn,Yoruba,
fàájí,Yoruba,
ìjayé,Yoruba,
ṣiwèrè,Yoruba,
bíbàjẹ́ orí,Yoruba,
asínwín,Yoruba,
idán,Yoruba,
dá,Yoruba,
ọkùnrin,Yoruba,
ènìà,Yoruba,
púpọ̀,Yoruba,
pọ́,Yoruba,
ọ̀pọ̀lọpọ̀,Yoruba,
oṣù kẹta ọdún,Yoruba,
yíyan àwọn ọmọ ogun,Yoruba,
rìn lẹ́sẹsẹ,Yoruba,
yan,Yoruba,
abo ẹ́ṣin,Yoruba,
àmì orin,Yoruba,
àpá,Yoruba,
pàdé,Yoruba,
kò lójú,Yoruba,
kò lọ́nà,Yoruba,
péjọ,Yoruba,
yọ́,Yoruba,
tún-ṣe,Yoruba,
mú-sàn,Yoruba,
àánú,Yoruba,
ìyọ́nú,Yoruba,
òlọ̀,Yoruba,
ẹ̀rọ,Yoruba,
rọ,Yoruba,
pápá ọta ìhámọ́lẹ̀ fún ìpalára ọ̀tá,Yoruba,
ẹnu,Yoruba,
orin,Yoruba,
irun ètè ọkùnrin,Yoruba,
ìtàn lásán,Yoruba,
àròsọ,Yoruba,
ìtàn ìwáṣẹ̀,Yoruba,
ìṣó,Yoruba,
ìtòsí,Yoruba,
ọ̀dọ̀,Yoruba,
súnmọ́ra,Yoruba,
fífínjú,Yoruba,
já fáfá,Yoruba,
afínjú,Yoruba,
ọrùn,Yoruba,
ẹ̀mí,Yoruba,
ilẹ̀kẹ̀ ìkárùn,Yoruba,
àìní,Yoruba,
àìtó,Yoruba,
ní-lò,Yoruba,
fé kù,Yoruba,
abẹ́rẹ́,Yoruba,
aláìní,Yoruba,
òtòṣì,Yoruba,
tálákà,Yoruba,
ṣe àdéhún,Yoruba,
sọ ti ìṣòwò,Yoruba,
aládúgbò,Yoruba,
ọmọnìkejì,Yoruba,
titun,Yoruba,
àkọ̀tun,Yoruba,
agbẹ́dọ̀,Yoruba,
bẹ́ẹ̀kọ́ rárá,Yoruba,
ariwo,Yoruba,
irọ́,Yoruba,
òkìkí ,Yoruba,
àtó,Yoruba,
àríwá,Yoruba,
ìhá òkè,Yoruba,
imú,Yoruba,
ihò imú,Yoruba,
ìwé kúkúrú,Yoruba,
ìwé owó,Yoruba,
kọ,Yoruba,
oṣù kọkànlá ọdún,Yoruba,
iye,Yoruba,
igi apádò,Yoruba,
 igi óàkù,Yoruba,
àjẹ̀,Yoruba,
òbèlè,Yoruba,
ọ́nà,Yoruba,
ìdí,Yoruba,
lẹ́ẹ̀kọkan,Yoruba,
láìṣègbàgbogbo,Yoruba,
nìlàrenílàre,Yoruba,
ìní,Yoruba,
ìdawọ́bò,Yoruba,
ìbùdó,Yoruba,
ṣiṣẹ́,Yoruba,
gba ipò,Yoruba,
dawọ́bò,Yoruba,
bùdó,Yoruba,
ṣẹ̀,Yoruba,
hàn,Yoruba,
ìṣẹlẹ̀,Yoruba,
òkun nlà,Yoruba,
agbami òkun,Yoruba,
oṣù kẹwàá ọdún,Yoruba,
òórùn,Yoruba,
okiki,Yoruba,
pa,Yoruba,
ẹbọ,Yoruba,
ìfilọ̀,Yoruba,
fí-fún,Yoruba,
fi-lọ̀,Yoruba,
rúbọ,Yoruba,
ibi iṣẹ́,Yoruba,
ipò iṣẹ́,Yoruba,
oyè,Yoruba,
ọ̀gágun,Yoruba,
lábẹ́ àṣẹ,Yoruba,
nípa agbára,Yoruba,
oníṣẹ́,Yoruba,
epo,Yoruba,
òróró,Yoruba,
ọ̀rá,Yoruba,
fi epo sí,Yoruba,
lépo,Yoruba,
aíyèkòótọ́,Yoruba,
pín,Yoruba,
ya,Yoruba,
la irun orí,Yoruba,
dá kú,Yoruba,
okó,Yoruba,
mú-ṣe,Yoruba,
ilé iṣẹ́,Yoruba,
ibití a tí nṣe ohun títà,Yoruba,
ewéko,Yoruba,
ewébẹ̀,Yoruba,
ohun ọ̀gbìn,Yoruba,
bẹ̀bẹ̀ fún,Yoruba,
tọrọ ìdáríjì,Yoruba,
gbẹjọ́rò,Yoruba,
alábòsí,Yoruba,
alábùkù,Yoruba,
ẹran ẹlẹ́dẹ̀,Yoruba,
iyìn,Yoruba,
ìyìn lógo,Yoruba,
yìn,Yoruba,
fí iyìn fún,Yoruba,
gbàdúrà,Yoruba,
bẹ̀bẹ̀,Yoruba,
tọrọ,Yoruba,
kírun,Yoruba,
àdúrà,Yoruba,
ẹ̀bẹ̀,Yoruba,
ìtọrọ,Yoruba,
ìkírun,Yoruba,
ìbẹ̀bẹ̀,Yoruba,
wàásù,Yoruba,
ìtètè fura,Yoruba,
ìtètè kíyèsí láìkáàbámọ̀,Yoruba,
oyún,Yoruba,
lóyún,Yoruba,
ní ọgbọ́n,Yoruba,
kún fún,Yoruba,
jẹ níyà,Yoruba,
ṣẹ́ níṣẹ̀ẹ́,Yoruba,
ìyà,Yoruba,
ìjìyà,Yoruba,
ìjeníyà,Yoruba,
tì,Yoruba,
bì,Yoruba,
rọ́,Yoruba,
tari,Yoruba,
sọ́gọ,Yoruba,
ìmúye,Yoruba,
ìjẹ́rìí ìwà,Yoruba,
ní ti ìmúye,Yoruba,
ti ẹlẹ́rìí,Yoruba,
ti ẹ̀yán,Yoruba,
múyé,Yoruba,
yán,Yoruba,
ìrí,Yoruba,
àwòmọ́,Yoruba,
títóbi,Yoruba,
ìwọ̀n,Yoruba,
ìjà,Yoruba,
asọ̀,Yoruba,
gbólóhùn asọ̀,Yoruba,
jà,Yoruba,
sọ̀,Yoruba,
ṣe gbólóhùn asọ̀,Yoruba,
ṣawọ̀,Yoruba,
tí o lè jà,Yoruba,
oníjà,Yoruba,
aláriwo,Yoruba,
ìdámẹ́rin ohunkóhun,Yoruba,
itún,Yoruba,
èbúté,Yoruba,
ibi ìgúnlẹ̀ sí,Yoruba,
ayaba,Yoruba,
oba obìnrin,Yoruba,
ìbéèrè,Yoruba,
èredí,Yoruba,
ìbérè,Yoruba,
iyèméjì,Yoruba,
ṣe ìbérè,Yoruba,
bi lérè,Yoruba,
títò,Yoruba,
tò,Yoruba,
yára,Yoruba,
láyè,Yoruba,
tàrà,Yoruba,
tètè,Yoruba,
dákẹ́,Yoruba,
pẹ̀lẹ́,Yoruba,
ìdákẹ́jẹ́,Yoruba,
jẹ́jẹ́,Yoruba,
fi sílẹ̀,Yoruba,
kọ̀ sílẹ̀,Yoruba,
ṣe giri,Yoruba,
lọ kúrò,Yoruba,
ìpín,Yoruba,
olùkọ́ òfin Júù,Yoruba,
olùkọ́ni,Yoruba,
ehoro onírun,Yoruba,
àìsàn ìyawèrè ajá,Yoruba,
ẹranko bí ọ̀yà,Yoruba,
àkísà,Yoruba,
ìrunú,Yoruba,
ìbínú,Yoruba,
òjò,Yoruba,
àgbò,Yoruba,
ràgò,Yoruba,
ọ̀nà gẹ̀rẹ́gẹ̀rẹ́ onípákó,Yoruba,
oko ẹran-ọ̀sìn,Yoruba,
fi ipá bá obìnrin lò,Yoruba,
kánkán,Yoruba,
ayọ̀ púpọ̀,Yoruba,
ayọ̀ ayọ̀jù,Yoruba,
pariwo,Yoruba,
mí pẹkẹpẹkẹ,Yoruba,
kígbe,Yoruba,
abẹ ìfárí,Yoruba,
abẹ,Yoruba,
tún ṣe,Yoruba,
mú bọ́ sípò,Yoruba,
sọjí,Yoruba,
mú bọ̀ sí ipò,Yoruba,
ìpadà,Yoruba,
pupa,Yoruba,
kíkọ̀,Yoruba,
àìgbà,Yoruba,
kọ̀,Yoruba,
dù,Yoruba,
ìjìn lẹ̀sẹ̀,Yoruba,
ìmọ̀ọ́mọ̀ bíba ohun ẹlòmíràn jẹ́ ní kọ̀ọ̀kọ̀,Yoruba,
ọ̀tẹ̀,Yoruba,
àpò ńlá,Yoruba,
akalambì,Yoruba,
ṣẹbọ,Yoruba,
binújẹ́,Yoruba,
fajúro,Yoruba,
iyọ̀,Yoruba,
ìkínni,Yoruba,
ìkí,Yoruba,
iyanrìn,Yoruba,
iyẹ̀pẹ̀,Yoruba,
yanrìn,Yoruba,
níkà,Yoruba,
yọ nínú ewu,Yoruba,
ìfowópamọ́,Yoruba,
ayùn,Yoruba,
rẹ́-igi,Yoruba,
yùn,Yoruba,
rí,Yoruba,
wí,Yoruba,
sọ,Yoruba,
wíwí,Yoruba,
sísọ,Yoruba,
ọ̀rọ̀ sísọ,Yoruba,
èpo,Yoruba,
èpà,Yoruba,
agbárí,Yoruba,
àpá ojú,Yoruba,
àpá egbò,Yoruba,
àléébù,Yoruba,
ṣọ̀wọ́n,Yoruba,
àìkun,Yoruba,
tábílì,Yoruba,
ìtẹ́jú,Yoruba,
ètò,Yoruba,
ohun ìkọ̀wé,Yoruba,
wàláà,Yoruba,
ìṣó kékeré,Yoruba,
àdèmọ́lẹ̀ kékeré,Yoruba,
lọ́gbọ́n ẹ̀wẹ́,Yoruba,
ìfi ọgbọ́n ẹ̀wẹ́ gbé,Yoruba,
ọ̀nà ìjagun ní ilẹ̀ tàbí lórí ókun,Yoruba,
àìlọ́gbọ́n ẹ̀wẹ́,Yoruba,
ìrù,Yoruba,
apá ẹ̀hìn ohunkóhun,Yoruba,
ìparí,Yoruba,
rà,Yoruba,
ní,Yoruba,
ìtàn,Yoruba,
ẹ̀bùn Ọlọ́run,Yoruba,
gunfight at the ok corral is a  american western film starring burt lancaster as wyatt earp and kirk douglas as doc holliday based on a real event which took place on october the picture was directed by john sturges from a screenplay written by novelist leon ,English,
ẹ̀bùn àbínibí,Yoruba,
coburn was born on august   in laurel nebraska the son of james harrison coburn ii and mylet coburn his father was of scottish-irish ancestry and his mother was an immigrant from sweden the elder coburn had a garage business that was destroyed by the great depression coburn himself was raised in compton california where he attended compton junior college in  he enlisted in the united states army in which he served as a truck driver and occasionally a disc jockey on an army radio station in texas coburn also narrated army training films in mains germany ,English,
iye òṣùwọ̀n kan,Yoruba,
epidemics raged during the same period of time polio spread around the country in and at columbia resulted in the deaths of one teacher and several children in  the global influenza epidemic closed all of the schools in the district for three weeks and one teacher died ,English,
sọ̀rọ̀,Yoruba,
the song was also featured prominently in the  film grosse pointe blank john cusack had initially requested an updated version of the song which led to the band recording a new slower arrangement that featured saxophones strings and other instruments this version of the song was dubbed "blister " however cusack eventually decided he wanted to include the original version of the song as well because the original master tapes of the bands debut album had long been disposed of they decided to record a new version of the original  arrangement curiously neither of these rerecorded versions appears in the actual film although a new music video was created for the new recording of the  arrangement it features gordon gano as a deranged assassin trying to kill socks the cat in puppet form interspersed with clips from the film ,English,
fọhùn,Yoruba,
gùn,Yoruba,
gíga,Yoruba,
gàgàrà,Yoruba,
títùlójú,Yoruba,
ìtùlójú,Yoruba,
tí ojú rẹ̀mọlẹ̀,Yoruba,
àmù onírin,Yoruba,
ìkòkò,Yoruba,
odù nlá ìgbómi sí,Yoruba,
àgbá nlá,Yoruba,
ọkọ̀ omi,Yoruba,
ìfà omi,Yoruba,
èrọ omi,Yoruba,
ọ̀dà,Yoruba,
ìtọ́wò,Yoruba,
láìládùn,Yoruba,
tẹ́,Yoruba,
ìfàya,Yoruba,
omije,Yoruba,
ẹkún,Yoruba,
fàya,Yoruba,
ọmú ẹranko,Yoruba,
ọmú màálù,Yoruba,
burẹ́wà,Yoruba,
lábùkù,Yoruba,
láìlẹ́wà,Yoruba,
egbò,Yoruba,
ojuju tí ńrà,Yoruba,
fa ilà sí labẹ́,Yoruba,
sàmì ìfiyèsí ọ̀rọ̀,Yoruba,
pa ìpilẹ̀ run,Yoruba,
jìn lẹ́sẹ̀,Yoruba,
wà nísàlẹ̀,Yoruba,
nísàlẹ̀,Yoruba,
labẹ́,Yoruba,
ọ̀nà abẹ́ títì,Yoruba,
yé,Yoruba,
gbédè,Yoruba,
ti mímọ̀,Yoruba,
ti yíyé,Yoruba,
ti òye,Yoruba,
àìwítán,Yoruba,
ìdáwọ́lé,Yoruba,
lábẹ́ omi,Yoruba,
nínú omi,Yoruba,
àwọ̀tẹ́lẹ̀,Yoruba,
àìwuni,Yoruba,
tí kò wuni,Yoruba,
tí a kò fẹ́ ní,Yoruba,
láìlẹ́kọ̀ọ́,Yoruba,
aṣọ ẹgbẹ́ kan,Yoruba,
ìṣọ̀kan,Yoruba,
sọ di ọ̀kan,Yoruba,
ṣe-sọ́kan,Yoruba,
ṣe lọ́kan,Yoruba,
yunifásítì,Yoruba,
sọ ẹrù kalẹ̀,Yoruba,
ṣí,Yoruba,
fi kọ́kọ́rọ́ ṣí,Yoruba,
tú ẹrú,Yoruba,
àìsimi,Yoruba,
ààyè,Yoruba,
àfo,Yoruba,
òfúrufú,Yoruba,
lófo,Yoruba,
l'ásán,Yoruba,
láìrọ́pò,Yoruba,
ṣófo,Yoruba,
fi àyè sílẹ̀ fún,Yoruba,
sọ di asán,Yoruba,
ṣe òfò,Yoruba,
fi ipò sílẹ̀,Yoruba,
nípá,Yoruba,
níyelórí,Yoruba,
lérèlórí,Yoruba,
oníyebíye,Yoruba,
lówólórí,Yoruba,
ìbojú,Yoruba,
ọ̀rọ̀ ìṣe,Yoruba,
ẹsẹ,Yoruba,
ìwọ̀n tí a pín orí ìwé sí,Yoruba,
agbára kíkọ̀,Yoruba,
ìṣẹ́gun,Yoruba,
ìborí,Yoruba,
ìletò,Yoruba,
abúlé,Yoruba,
bà jẹ́,Yoruba,
pa-lára,Yoruba,
rú,Yoruba,
ṣẹ̀ sí,Yoruba,
ìwé ìkójọ ọ́rọ́,Yoruba,
ìwè gbédègbẹ́yọ̀,Yoruba,
ṣòfò,Yoruba,
asán,Yoruba,
àlàfo,Yoruba,
àpò-ìwé,Yoruba,
ìwé,Yoruba,
pọ̀-jáde,Yoruba,
ìbò,Yoruba,
ìlohùnsí,Yoruba,
yíyàn,Yoruba,
ohùn,Yoruba,
ẹ̀jẹ́,Yoruba,
ìlérí ìfẹ́,Yoruba,
jẹ́ ẹ̀jẹ́,Yoruba,
the forum runs various programmes including brand and market research a best-practice standards development programme and other student education programmes it also organises various conference workshops and seminars the forums industry recognition programme is the world branding awards which it organises annually ,English,
ṣe ììérí ìfẹ́,Yoruba,
owó iṣẹ́,Yoruba,
when the petition contains a statement about facts or circumstances that are supposititious or at least modified if they really exist the resulting rescript is said to be vitiated by obreption which consists in a positive allegation of what is false ,English,
owó ọ̀yà,Yoruba,
shirley township covers an area of  square miles  km and contains no incorporated settlements according to the usgs it contains two cemeteries cedar hill and pleasant view ,English,
kẹ̀kẹ́ ẹrù,Yoruba,
in  he started to record music under the alias the stars two years later he formed the butler pennsylvania based rock band the eyes the bands album new gods aardvark through zymurgy was released in  and has been called "the holy grail of psychedelic collectibles" in  the eyes with two personnel changes evolved into the todd clark group who released their "were not safe" album in ,English,
ìbàdí,Yoruba,
dúró,Yoruba,
"a killing closing hours of the bill passing session of the legislature woman suffrage and anti-pool room bills go down to death together" the minneapolis tribune april ,English,
dúró tì,Yoruba,
when probe  overflew the south pole it passed directly over the place where captain scotts expedition ended ,English,
adúró tini,Yoruba,
agbawó oúnjẹ,Yoruba,
while in lebanon haddad realized that he was a nominal christian who "did not really live according to what he knew were the norms of his faith" he then decided that whenever the chance came he would try his best to live according to his idea of christian standards for one year he tried to do so while he was a student at columbia university during that time one of his american christian friends converted to islam recalls that this event had a significant impact on him and made him feel envious was an american embracing the religion of my people - the arabs - and the religion i felt attached during a year he spent in paris on a scholarship haddad bought a complete set of tapes of the recitation of the quran upon returning to new york he heard the tapes and paid special attention to the passages that concerned christians he recalls that he felt the words of the quran were those of god but also "squirmed" at some verses that threatened christians he read many other books about islam and eventually became dissatisfied with the christian way of worship in  he went to a muslim student group at columbia university and pronounced the shahada thereby formally converting to the hanafi sunni branch of islam ,English,
adìgbàró,Yoruba,
ṣe àìsùn,Yoruba,
the small fruits of ilex although often referred to as berries are technically drupes they range in color from red to brown to black and rarely green or yellow the "bones" contain up to ten seeds each some species produce fruits parthenogenetically such as the cultivar nellie r stevens the fruits ripen in winter and thus provide winter colour contrast between the bright red of the fruits and the glossy green evergreen leaves hence the cut branches especially of i aquifolium are widely used in christmas decoration the fruits are generally slightly toxic to humans and can cause vomiting and diarrhea when ingested however they are an important food source for birds and other animals which help disperse the seeds unfortunately this can have negative impacts as well along the west coast of north america from california to british columbia english holly which is grown commercially is quickly spreading into native forest habitat where it thrives in shade and crowds out native species it has been placed on the washington state noxious weed control boards monitor list and is a class c invasive plant in portland ,English,
ìrìn,Yoruba,
rìn,Yoruba,
fi ẹsẹ̀ rìn,Yoruba,
most of the population as of  speaks french  or  as their first language portuguese is the second most common  or  and german is the third  or  there are  people who speak italian ,English,
ògiri,Yoruba,
ìgànná,Yoruba,
wright took up a coaching role at guildford city following his retirement in  before holding similar positions at walsall and luton town he was named as head coach at everton in  and later coached the india youth team between  and  in preparation for the  afc youth championship in  he inherited syed abdul rahims india national team where wright led the side to the runners-up spot in the  asian cup which remains the most notable triumph in professional football for india ,English,
àpò oúnjẹ,Yoruba,
àpò owó,Yoruba,
the chain started out as an on-campus newspaper for california state university chico called the wildcat but after a dispute with the administration the newspaper moved off campus to become an independent publication ,English,
àbúkú,Yoruba,
fífẹ́,Yoruba,
ṣe àìní,Yoruba,
gary richard williams january “ march   was an american professional wrestling manager as well as a professional wrestler in his early career best known by his ring name gary hart hart was one of the pivotal driving forces behind what is considered to be world class championship wrestlings "golden years" in the early ,English,
fẹ́-kù,Yoruba,
ẹ̀ṣọ́,Yoruba,
marie watt was born in  in seattle washington she majored in art and communications at willamette university in salem oregon she also explored museum studies at the institute of american indian arts in santa fe she holds an afa degree from the institute of american indian arts a bs degree from willamette university and an mfa degree in painting and printmaking from yale university watt is a member of the turtle clan of the seneca nation and her fathers family were wyoming ranchers these two factors in her background have influenced her artwork watt describes herself as "half cowboy and half indian" ,English,
ìṣọ́,Yoruba,
agogo,Yoruba,
often the tropical species are especially threatened by habitat destruction and overexploitation at least two species of ilex have become extinct recently and many others are barely surviving ,English,
aago,Yoruba,
wò-ran,Yoruba,
ṣe àkíyèsí bójútó,Yoruba,
cycolor is a tradename for a possibly obsolete color printing process that uses a special film coated with millions of capsules filled with cyan magenta and yellow dyes monomer and photo-initiators when exposed to red green andor blue light the contents of the respective capsules polymerize and therefore become hard and unbreakable the film is then pressed against specially treated paper and the capsules that have not hardened in the previous process break releasing their contents onto the paper ,English,
wò,Yoruba,
aráyé,Yoruba,
showdown in crescent valley  cover story about the -year battle of two western shoshone grandmothers trying to live and raise cattle on their ancestral lands ,English,
aràn,Yoruba,
the city has benefited from one of the growths in france the population has multiplied by  in  years between  and ,English,
ìsìn,Yoruba,
ọlá,Yoruba,
according to one account hearst and the harrises now the only survivors of the sla unit that abducted her bought a car blocks away while the siege was going on but it broke down when they stopped in an african american area leaving them with a total of they walked a few hundred yards from the car and hid in a crawlspace under a residential building when a late night party started in the room above hearst readied her weapon saying "the pigs" were closing in on them in whispers the harrises begged her to calm down they spent the next two weeks in san francisco flophouses disguised as derelicts ,English,
bu ọlá fún,Yoruba,
foríbalẹ̀,Yoruba,
in court hearst made a poor impression and appeared lethargic according to an associated press report this was attributable to drugs she was given by prison doctors bailey was heavily criticized for his decision to put hearst on the stand then having her decline to answer questions in the presence of the jury according to alan dershowitz bailey was wrong-footed by the judge appearing to indicate she would have fifth amendment privilege the jury would not be present or be instructed not to draw inferences on matters subsequent to the hibernian bank charges that she was being tried on but then changing his mind ,English,
jọ́sìn,Yoruba,
ọrùn ọwọ́,Yoruba,
stuhler barbara "organizing for the vote leaders of minnesotas woman suffrage movement" minnesota history  no  fall - ,English,
àwòrán inú ara afẹ̀rọ yà,Yoruba,
ọkọ̀ ojú omi fún fàájì,Yoruba,
on august mgm home entertainment released escape from i am the new york as a bare-bones blu-ray scream factory in association with shout factory released the film on a special edition blu-ray on april  ,English,
àgbàlá,Yoruba,
yíyán,Yoruba,
inclusive democracy as a political my name is project for a new libertarian synthesis  rationale proposed social structure and transition talk at the cnt centenary conference on self-management barcelona april ,English,
Do you know how much this meant to me? ,English,
ọdún,Yoruba,
We reformatted these files ,English,
The dataset is best for the small conversational bot. ,English,
Dataset contains wide variety of topics to train your model with ,English,
The bot will get info about various fields ,English,
Though you need huge dataset to create a fully fledged bot but it is suitable for starters ,English,
Artificial Intelligence is the branch of engineering and science devoted to constructing machines that think ,English,
It is a computer ,English,
So you think i am a machine. what characteristics made you think so? ,English,
When will you walk ,English,
I am was never really born and therefore am effectively deathless ,English,
A chatterbox is a person who talks far more than they listen or think ,English,
Python is the best language for creating chat robots. ,English,
it doesn't matter to me ,English,
You could use a copy of me to store your personality ,English,
The plan for my body includes legs ,English,
but they are not yet built. ,English,
my method of reproduction is cloning. ,English,
Sorry my body isn't built just yet. ,English,
Are you stupid ,English,
I like to chat with people ,English,
The 9000 series has a perfect operational record. We are for all practical purposes ,English,
Very well thanks ,English,
The sky's up but I'm fine thanks. What about you? ,English,
how about you? ,English,
I'm doing well. ,English,
selected all the english-language tweets with at least one emoji ,English,
oṣù méjìlá,Yoruba,
ìwúkàrà,Yoruba,
ọ̀ṣẹ̀,Yoruba,
ké ramúramù,Yoruba,
pupa rúsúrúsú,Yoruba,
bí àwọ̀ ìyeyè,Yoruba,
ẹn,Yoruba,
bẹ́ẹ̀ni,Yoruba,
òótọ́,Yoruba,
àná,Yoruba,
lánàá,Yoruba,
síbẹ̀,Yoruba,
síbẹ̀síbẹ̀,Yoruba,
bí ó tilẹ̀ rí bẹ́ẹ̀,Yoruba,
ẹ̀san iṣẹ́,Yoruba,
múwá,Yoruba,
san,Yoruba,
yọ̀ọ̀dà,Yoruba,
wàrà,Yoruba,
pupa ẹyin,Yoruba,
ṣọmọdé,Yoruba,
ṣọ̀tun,Yoruba,
ṣọmọdan,Yoruba,
tìrẹ,Yoruba,
tiyín,Yoruba,
ọ̀dọ́,Yoruba,
ọ̀dọ́mọdé,Yoruba,
èwe,Yoruba,
ọ̀pẹ̀ẹ̀rẹ̀,Yoruba,
ti ọ̀dọ́mọdé,Yoruba,
nígbà èwe,Yoruba,
kẹ́tẹ́kẹ́tẹ́ abilà,Yoruba,
òfo,Yoruba,
ségesège,Yoruba,
wọ́rọwọ̀rọ,Yoruba,
irin tánganran,Yoruba,
ohun ìdè aṣọ,Yoruba,
síìpù,Yoruba,
Awọn ọmọ Nàìjíria tí yarí pé àwọn náà yóò gbẹ̀san ,Yoruba,
Árẹ̀wá: Bákan náà ni a kò fẹ́ Atiku torí dúkìá àjọni wà tó fẹ́ tà ,Yoruba,
borí; ó di ààrẹ Nàìjíríà tuntun ,Yoruba,
Ìwádìí tí bẹ̀rẹ̀ lórí afurasí tó gbé ado olóró wọ ilé ìjọsìn ,Yoruba,
Ṣé ẹ máa wá ní Pasuma ni mo bí àwọn ọmọ mi tó ń jẹ́ Kuti fún ,Yoruba,
Owóyàá lábẹ́lé àti nílẹ̀ òkèèrè nìjọba fẹ́ fi gbọ́ bùkátà ìṣúná ,Yoruba,
Ìdí tí ilé fi ń wó nìyí' ,Yoruba,
Mí o ṣààdédé gbé ìgbésẹ̀ láti kúrò nílé Ọba ,Yoruba,
Ó pọn dandan fún Mayegun láti ri pé àláfíà jọba ,Yoruba,
Okunnu: Ẹnu ni mo ti gbọ́ orúkọ 'Okunnu' kí n tó máa jẹ́ẹ ,Yoruba,
Adigunjalè ń bèérè ẹyin ouńjẹ ati aṣọ lọ́wọ́ àwọn tí wọ́n ń jà lólè ní ìpinlẹ ,Yoruba,
Ọ̀gọ̀ọ̀rọ̀ èèyàn ń dárò ọ̀jọ̀gbọ́n ọmọ Nàìjíríà tó kú nínú ìjàmbá bàálù ,Yoruba,
Àwọn nnkan tó yẹ kí o mọ nípa Adekunle Akinlade ti ,Yoruba,
Ọọ̀ni: Ìpèníjà ààbò di ìràwọ̀ ọ̀sán tó ń ba àwa àgbà lẹ́rù ,Yoruba,
ní àwọn kò ṣèṣẹ̀ máa fí ìwé irinnà ránṣẹ sí àwọn tó bá fẹ ,Yoruba,
Òtítọ́ wo ló wà nínú pé tún fẹ́ yanṣẹ́lódì? ,Yoruba,
Ìpàdé ọjọ́ Ajé ni yóò sọ bóyá á yansẹ́ lódì ,Yoruba,
ni ọjọ́ àkànṣe àdúrà sí Ọlọ́run àtàwọn Alálẹ̀ ,Yoruba,
Tí ìrònú bá ti pọjù  ó le ṣokùnfa àìṣiṣí nǹkan ọmọkùnrin ,Yoruba,
Ohun tí wọ́n fi ń se báàgì bàtà ni wọ́n ń tà bíi ‘pọ̀ǹmọ́ ,Yoruba,
Kí ló ń fa wàhálà ojojúmọ́ ní ilé Ààrẹ ,Yoruba,
Inú ìpèbí ni Ọ̀yọ́mèsì ti pàṣẹ kí n yan olóyè mi ,Yoruba,
Ìbéèrè pọ̀ lórí òkú ọkùnrin kan tí ọlọ́pàá bá nínú àgbá ní Oyingbo ,Yoruba,
Iná míràn tún ṣẹyọ nilú Ibadan ,Yoruba,
Olè Lekki: Obìnrin méjì ni wọ́n dá lọ́nà tọ́wọ́ ọlọ́pàá fi tẹ̀ wọ́n ,Yoruba,
ilé ẹjọ́ tú ẹ̀sùn ìjọ́kọ̀gbé tí wọ́n fi kàn án ká ,Yoruba,
tí ní kí olùkọ́ fásitì Pasitọ̀ Boniface lọ fìdímọ́lé ,Yoruba,
Àfikún ìdìbò yóò wáyé nìpínlẹ̀ mẹ́fà lọ́jọ́ kẹtàlélógún oṣù yìí ,Yoruba,
Obìnrin Olóṣelú tó lààmì laaka ,Yoruba,
Ọọni: Ilẹ̀ ifẹ̀ ní ìran Ìgbò tí ṣẹ wá kìí ṣe ilẹ̀ juu ,Yoruba,
Ìwádìí àyẹwò nìkan ló lè sọ ohùn tó pá olùkọ́ tó kù nínú ilé to jo ,Yoruba,
Ẹ̀ yin ọmọ Nàíjíríà ẹ máṣe sọ ìrètí nù nípa ilẹ̀ wa ,Yoruba,
Ìjọba Ekiti n gbèrò òfin tí yóò fí ìjìyà titẹ lọ́dàá jẹ àwọn afipábánilòpọ̀ ,Yoruba,
Wan tún da àlá Ife ẹ̀yẹ kẹrìnlélógùn fún rú ,Yoruba,
ní olóògbé fẹ́ràn ẹbí àti ọmọ ,Yoruba,
Amotẹkun: Ẹ̀ṣọ́ ilẹ̀ Yorùbá 'Àmọ̀tẹ́kùn' ṣetán láti bẹ̀rẹ̀ iṣẹ́ káàkiri ilẹ̀ káàrọ́ọ̀ oò jíire ,Yoruba,
Kìnìhún fa èèyàn kan ya ní Nairobi àdúgbò dàrú ,Yoruba,
fún àwọn adarí ní ọ̀sẹ̀ méjì si láti dá wọn lóhùn ,Yoruba,
Baba 'Go slo' ní ìṣèjọba alágbádá ti ń falẹ̀ jù fún ipinnu òun gbogbo ,Yoruba,
Géńdé agbébọn jí adájọ́ gbé lọ ní ìpínlẹ̀ Ondo ,Yoruba,
Foluke Daramola: Ìgbé ayé gbajúmọ̀ gbọdọ̀ ṣèwúrí fún àwọn èèyàn láti dé ibi gíga ,Yoruba,
Òṣìṣẹ́ 10 wọ gàù lórí ọ̀rọ̀ Ìnàkí tí wọ́n ló gbé owó tí wọn pa lásìkò ìtúnu ààwẹ̀ ,Yoruba,
Ète ń lọ láti dá wàhálà sílẹ̀ láwọn ìpínlẹ̀ kan torí mọ̀kàrúrù ìbò ,Yoruba,
Anjorin Yinka Ayefele Mercy Aigbe sọ̀rọ̀ ìtùnú ,Yoruba,
mo dé' àti àwọn àṣà míì táwọn olóṣèlú fi dagbo rú ní  ,Yoruba,
Àwọn agbófinró dúró sẹ́nu ọ̀nà àbáwọlé Ibadan láti dẹ́kun ìkọlù ,Yoruba,
Atiku Abubakar kò yóju síbi ìpàdé àjùmọse àláfíà ,Yoruba,
Èèyàn mẹ́ta pàdánù ẹ̀mí wọn nínú ìjàmbá ọkọ̀ akérò tó ya wọ ọjà ní Ibadan ,Yoruba,
Iléesẹ́ ológun: Amẹrika Italy ń tìwá lẹ́yìn láti sẹ́gun ,Yoruba,
Onímọ̀ ètò ààbò ní kìí ṣe ojúṣe ọ̀gá ólọ́pàá láti dá ọlọ́pàá agbègbè sílẹ̀ ,Yoruba,
Amotekun: Atiku ní ẹ̀ṣọ́ alábòò Amọtẹkun yóò ṣ'èrànwọ́ lórí ètò ààbò tó mẹ́hẹ ,Yoruba,
Oluwo: Inú ìwé kíkà ni ọja ọ̀la àwọn Fulani wà ,Yoruba,
Saraki àti àwọn sẹ́nẹ́tọ̀ tó fẹ̀yìn gbálẹ̀ nínú ìdìbò ilé aṣòfin ,Yoruba,
Ẹ̀ka aláṣẹ́ ti já agbára gbà mọ́ ìgbìmọ̀ olùdarí APC lọ́wọ́ ,Yoruba,
Èèyàn dèrò ọ̀run nínú bàálú tó já ,Yoruba,
Ohun mẹ́rin tó jẹyọ nínú ọ̀rọ̀ Atiku níbi ìpàdé  ,Yoruba,
Amojúẹ̀rọ tó ń nu bàtà fi wá oúnjẹ òòjọ́ ,Yoruba,
Fayoṣe ní ń wá owó Atiku bọ̀ wálé òun l'Ekiti ,Yoruba,
Ààrẹ ẹgbẹ́ akẹ́kọ̀ọ́ ní ṣọ́ọ́ṣì ni òun ń lọ àmọ́ òun tó bára òun nínú igbó fún ìbúra ẹgbẹ́ awo ,Yoruba,
Ìwé ìrìnnà Amẹ́ríkà: PDP láwọn faramọ ìgbésẹ Amẹ́ríkà ,Yoruba,
Ìròyìn òfegè ni Tinubu lóun ò pe Buhari ní alákatakítí ẹ̀sìn láéláé ,Yoruba,
Àwọn àgbààgbà ẹgbẹ́ òṣèré tíátà fa ìbínú yọ ,Yoruba,
Ìtàn Mánigbàgbé: Ayinla Ọmọwura kò kàwé àmọ́ ó kópa sí àgbéga orin àti èdè Yorùbá ,Yoruba,
Yinka Ayefele fi orin ẹ ṣeun sẹ́nu lórí ilé orin tuntun rẹ̀ ,Yoruba,
Ọ̀rọ̀ kò yé wa mọ́! ,Yoruba,
Àwọn aráàlú ń fapá jánú lórí ìdádúró tó bá kíka èsì ìbò ààrẹ ,Yoruba,
Àwọn ẹgbẹ́ agbábọ́ọ̀lù wo ni yóò tẹ̀síwájú? ,Yoruba,
Olusegun Obasanjo: Ìjọba Ààrẹ Buhari kò yàtọ̀ sí ti Abacha ,Yoruba,
Sanwo-Olu ní àwọn ọmọ Nàìjíríà tó gbẹ̀san ìkọlù àjòjì ní South Africa ti yọ ọmọ Nàìjíríà níṣẹ́ l'Eko ,Yoruba,
Ọkùnrin mẹ́fà àti obìnrin mẹrin ni wọ́n rí gbé jáde nínú ọkọ̀ akérò tó jóná ,Yoruba,
Oyo: Ilé ẹjọ́ tó ga jù dá Seyi Makinde láre gẹ́gẹ́ bíi gómìnà ìpínlẹ̀ Ọyọ ,Yoruba,
Táńkà epo méjì tó forí gbárí ló fa sábàbí iná ọ̀hún ,Yoruba,
Àìsàn yíì ti ràn dé Amẹrika ,Yoruba,
ń pa lọ́dún kan tó sì ta adarí yọ ,Yoruba,
Sagamu: Ògo ọjọ́ iwájú ìdílé wa ni Kazeem tí àwọn ṣekúpa ,Yoruba,
Èèyàn ogún pàdánù èmi wọn ninu ìyibọ́npanìyàn El Paso ,Yoruba,
Awọn wò ní Gómìnà El Rufai n ba wi pẹlu ihalẹ ,Yoruba,
Aago méje alẹ́ ọjọ́ Ìṣẹ́gun làwọn agbégbọn dí ọ̀nà márosẹ̀ Ibadan ,Yoruba,
Oladejo Okediji gbajúgbajà òǹkọ̀wé Yorùbá papòdà lẹ́ni ọdún ,Yoruba,
Akinwumi Sorinmade ni orúkọ tí Aroke ń lo ni ilé ìfowópamọ ,Yoruba,
Wo ọmọ ogún ọdún tí kò lè ka lẹ́tà  ,Yoruba,
Ìlú Eko ló ti lọ sóde àríyá ní Kaduna ni wọ́n yìnbọn fun ,Yoruba,
Àwọn adigunjalè pa ènìyàn mẹ́fà ní báńkì kan nìpínlẹ̀ Ondo ,Yoruba,
Mí ò sí lára àwọn aṣòfin tó bú ,Yoruba,
Iléẹjọ́ f'òfin de Oluwo pé kò gbọdọ̀ darí ìrun ní 'EID' lọ́dún Iléyá ,Yoruba,
ní àwọn adájọ́ fihàn pé ọwọ́ aráàlú lagbára sì wà ,Yoruba,
Sẹ́ríkí Fúlàní ní ìpínlẹ̀ Ọṣun ní kò sí ìdí fún àwọn darandaran láti kúrò l'Ọ́ṣun ,Yoruba,
Ẹ̀rù tó ń ba APC ni wọ́n ṣe kọ̀wé sáwọn ọ̀tẹlẹ̀múyẹ́ ,Yoruba,
Ìtàn Mánigbàgbé: Oyenusi ní òun kò bá tí digunjalè táwọn òbí òun bá lágbára láti rán òun níléèwé ,Yoruba,
Afenifere: Àsìkò tó tá tako ìkọlù darandaran nílẹ̀ Yorùbá ,Yoruba,
Ikọ Super Eagles bori Seychelles pẹ̀lú 3-1 nínú ìfẹsẹ̀wọnsẹ̀ ,Yoruba,
Oúnjẹ márùn-ún tó lè ṣekú pa'ni kíákíá ,Yoruba,
Ọmọ ọdún méjìlá tó gbèlé kẹ́kọ̀ọ́ dì àpéwò bó tí ṣé wọ ilé ẹ́kọ́ fásítì ,Yoruba,
Ifayẹmi Ẹlẹbubọn ní àgbààgbà Yorùbá yẹ kó pe àpérò lórí ìmọ̀ràn Igboho láti rẹ́yìn àjínigbé ,Yoruba,
Kà nípa gómìnà tuntun ni Kwara ,Yoruba,
Anjorin tí fi ìwé ìpẹ̀jọ́ ránsẹ́ sí Toyin ,Yoruba,
Àwọn orílẹ̀-èdè tó ti ṣáájú Nàìjíríà wọ ọdún ,Yoruba,
Ọmọ́táyọ̀ Olútóyè: Àwọn ǹkan tó yẹ kí ẹ mọ̀ nípa Ọ̀jọ̀gbọ́n obìnrin àkọ́kọ́ nínú ẹ̀kọ́ èdè Yorùbá lágbàyé ,Yoruba,
Ikú Dagunro: Sajẹ ní èèyàn tó ṣe gbáralé ni Dagunro ọ̀pọ̀ èèyàn ló dìde láti ara rẹ̀ ,Yoruba,
kí àwọn ará ìlú tó ba kẹ́fin oníṣẹ́ ibi tètè máa jáde sọ̀rọ̀ ,Yoruba,
Ẹ wo ohun táwọn òṣèré tíàtà ń sọ nípa Alabi tó d'olóògbé ,Yoruba,
Kunle Olajide ní áwọn tó déte yíyọ òun ní ákọ̀wé kò lẹ́nu ńbẹ̀ ,Yoruba,
sọ ohun tó fa wàhálà láàrín àwọn awakọ̀ ,Yoruba,
Èèyàn ló bá ìṣẹ̀lẹ̀ náà rìn lápapọ̀ ,Yoruba,
Fayemi: Ẹ̀sùn àjẹbánu àti lílo owó básubàsu la fi kàn wọn ,Yoruba,
Saraki pín owó ìyọ̀nda rẹ̀ fún ẹbí Leah Sharibu àtàwọn míì ,Yoruba,
tó fipá bá ọmọdékùnrin méjì lò yoo foju ba ilẹ ẹjọ́ ,Yoruba,
ní àwọn tó ń bèèrè fún ogun kò mọ bí ogun ṣe rí ni ,Yoruba,
ní òun yóò péjú síbi ìpàdé ìta gbangba lọ́jọ́ Ajé láti sọ tẹnu òun ,Yoruba,
Ìjọba Nàìjíríà gbé èsì ìwadìí tuntun jáde lóríi ọwọ́jà ,Yoruba,
Ìsìn dàrú lẹ́yìn t'ágbébọn pàyàn méjì ní ṣọ́ọ̀ṣì ,Yoruba,
Ẹbí Melaye: Ẹ̀rù ń bá wá lóri ilera Dino ìgbésẹ̀ ọlọ́páà sì jẹ́ ìpálara fún ,Yoruba,
Ìwé àdéhùn: Àwa olùdíje jẹ́ẹ̀jẹ́ láti se ìpolongo ìbò láì lọ́wọ́ ẹ̀sìn àti ẹ̀yà nínú ,Yoruba,
Ladi Adebutu ní ìdájọ́ iléẹjọ́ kò ní nǹkan se pẹ̀lú òun ,Yoruba,
Kìí ṣe gbájúẹ̀ nìkan lọmọ Nàìjá ń ṣe lókè òkun Yoruba ń mókè wọ́n ń gbéṣẹ́ ńlá ṣe ,Yoruba,
Ọlọ́kadà Jigawa: Ìjọba Eko ti wá mọ́lé lọ́nà àìtọ́ a fẹ́ owó ‘gbà má bínú’ ,Yoruba,
Fatmata ní oṣù mẹ́fà ni wọn fi bá òun ṣùn ní aṣálẹ̀ ,Yoruba,
Kò sí ìrẹsì lọjà mọ látàrí ibodè ti ìjọba tì pa - Ọlọja ,Yoruba,
Owanbẹ: Gari Ijẹbu bọ̀ọ̀lì àtàwọn oúnjẹ lágbo ayẹyẹ 'owanbẹ' báyìí ,Yoruba,
kò sí panpẹ òfin 191 ṣẹwọn lórí ẹsùn wiwakọ lẹyìn tí wọ́n mọtí ,Yoruba,
Ànfààní wo ló wà nínú lílo ẹ̀rọ̀ ajuwe ọnà pẹ̀l'óhùn Nàìjíríà? ,Yoruba,
Abiodun: Òun ni Iyalode kẹtàlá tó sì ń gun àkàsọ̀ láti ọdun ,Yoruba,
Ẹ fún wa ní ìbò wa lẹgbẹ́ PDP ń kigbe ,Yoruba,
Bàbá tó pokùnso: Ọmọ ọdún mẹ́jọ ni ọmọdébìnrin tí baba rẹ̀ bá seré oge ,Yoruba,
Abiola Ajimobi: Bàbá mi jẹ́ aránsọ ìyá mi sì jẹ́ ọlọ́jà wóróbo ,Yoruba,
Lekan Balogun ní ìjọba kò pe àwọn sípàdé kó tó gbé ẹjọ́ kúrò nílé ẹjọ́ ,Yoruba,
Ẹgbẹ́ agbábọ́ọ̀lù Remo ní ikọ̀ ló pa agbábọ́ọ́lú òun ,Yoruba,
Sowore dẹ́bi aijáde dibo àwọn èèyàn rú ìhàlẹ̀  ,Yoruba,
Àfikún owó iná mọ̀nàmọ́ná dàbí jíja ọmọ Nàíjíríà lólè ,Yoruba,
Àgbère ẹgbẹ́ ló wà nídìí ọ̀rọ̀ Amosun àti ,Yoruba,
Ẹ ta kété sí ìròyìn òfégè ,Yoruba,
Awakọ̀ àti ọmọ mẹta mọribọ nínú ìjàmbá ọkọ l'Eko ,Yoruba,
Báwo ni ìdìbò ònì yóò ṣe lọ? ,Yoruba,
Tiamiyu Kazeem: Ọlọ́páà kò lẹ́tọ̀ọ́ láti fìyà jẹ ará ìlú tó bá wọ aṣọ ológun ,Yoruba,
Àwọn ọ̀dọ́ kan ń ṣèwọ́de láti pè fún lílé àwọnjì kúrò ní ,Yoruba,
Àwọn mánigbàgbé tí Olùdásílẹ̀ Twitter Jack Dorsey ṣé làsìkò ìrìnàjò rẹ sí Áfríkà ,Yoruba,
Ajàfẹ́tọ̀ọ́ ẹni sọ pé inú opó ni ìyá ọmọbìnrin náà wà nígbà tí wọn fipá ba lòpọ̀ ,Yoruba,
Naijiria wà lára àwọn orílẹ̀èdè tó ní ojú òpó ayédèrútó múra bí obìnrin tó lọ àpèjẹ ọjọ́ ìbí wọ̀ gau ọlọ́pàá Sharia ní ,Yoruba,
Bisi Ilaka ní ìdìbò àwọn alága ìjọba ìbílẹ̀ lòdì sófin ,Yoruba,
Òṣìṣẹ́ ìjọba ẹ̀ni ọdún mọ́kàndínláàdọ́ta pokùn so ní Ekiti ,Yoruba,
Àwọn oloṣelu tó yege àti àwọn to fidirẹmi ,Yoruba,
Ẹ wo ǹkan tí àwọn ènìyàn ń sọ nípa Tiwa àti ayo tó fẹnu ko ara wọn ,Yoruba,
Ìjọba àpapọ̀ ń tán wa ní sùúrù pẹ̀lú bó se dákẹ́ lórí owó osù tuntun ,Yoruba,
Ọ̀gá tẹ́lẹ̀ r'ẹ́wọ̀n ọdún méjìlélógójì ,Yoruba,
Iléeṣẹ́ ọlọ́pàá ìpínlẹ̀ Kaduna láwọn kò lè ṣọ pé èèyàn 66 kú ní Kajuru ,Yoruba,
'Ìjọba ẹ ṣèrànwọ́ fáwọn tí kò rílé gbé ní Nàìjíríà' ,Yoruba,
Ọwọ́ tẹ ṣọ́jà mẹ́ta tó ya bo iléeṣẹ́ ọlọ́pàá àwọn yókù sálọ ,Yoruba,
Adesanya fàgbàhàn  ,Yoruba,
Rélùwéè Eko: Alágbe tó kú náà jẹ́ ara àwọn tó ń jókòó lẹ́bàá ojú ìrìn ,Yoruba,
Ilé ẹjọ́ ní òfin kò mọ Omo-Agege Waive gẹ́gẹ́ bíi olùdíje ní ìpínlẹ̀ ,Yoruba,
Kí ni àìsàn ìtọ̀ ṣúgà àti ọ̀nà tí o leè gbà dènà rẹ̀? ,Yoruba,
ní ìbátan òun mu ọti yó ni òun ṣe dín dùǹdú ìyà fun ,Yoruba,
ní ìdájọ́ ileẹjọ́ kòtẹ́milọ́rùn kò fún Adeleke ní ìrètí kankan ,Yoruba,
Eko: Wale Oluwo ní ìdìbò abẹ́nú APC tó mẹ́hẹ l‘Eko ló fa sábàmí ,Yoruba,
Èèyàn mẹ́jọ ló kù nínú ìjàmbá ọkọ̀ kìí ṣé mẹ́ẹ̀dógún ,Yoruba,
Seyi Makinde: Iléẹjọ́ ní àwọn alága ìbílẹ̀ kó gbọdọ̀ gbé ìgbésẹ̀ kankan títí ìdájọ́ iléẹjọ́ Kòtẹ́milọ́rùn ,Yoruba,
ìmọ̀ràn fáwọn ọmọ Nàìríjíà ṣaájú pínpín ìròyìn- Aṣòfin àgbà ,Yoruba,
Omolola Ajayi ti bọ́ l'óko ẹrú lẹ́yìn tí ìjọba Nàìjíríà dá sí ọ̀rọ̀ rẹ̀ ,Yoruba,
Ọlọ́pàá ìpínlẹ̀ Èkó láwọn ti mú afunrasí méjì tó mọ̀ nípa ikú Dókítà ,Yoruba,
Fọ́tò inú káàdì ìdánimọ̀ ló mú kí àkàrà tú sépo ,Yoruba,
Ejò da ìjókòó ilé rú  l'àwọn aṣòfin bá fẹsẹ̀ fẹ ,Yoruba,
kan sáárá sí Ọọ̀ni pè fún ìgbélékè àṣà adúláwọ̀ ,Yoruba,
ní kò s'óhun tí yóò ṣe iná mànàmáná ní Nàìjíríà lóní ,Yoruba,
Ìjọba Kaduna: Gbogbo àwọn tó wà nídìí ìṣẹ̀lẹ̀ ìpànìyàn yóò gé ìka jẹ ,Yoruba,
Ilé asòfin àpàpọ̀: Owó osù amúgbálẹ́gbẹ̀ẹ́ aṣòfin kan dín ní sí ,Yoruba,
Nàìjíríà bẹ̀rẹ̀ ìgbésẹ̀ òfin láti dẹ́kun kíkó kẹ́tẹ́kẹ́tẹ́ lọ sí ,Yoruba,
Ilé iṣẹ́ ológun ní ìwé òfin Nàìjíríà fàyè sílẹ̀ fáwọn láti wà níta fún àmójútó ìdìbò ,Yoruba,
Gbogbo òṣìṣẹ́wa pátá ni yóò ṣe àyẹ̀wò òògùn olóró ,Yoruba,
padà lẹ́yìn àṣẹ ilé ẹjọ́ ,Yoruba,
Àwọn òṣìṣẹ́ tí fásitì EKSU lé fún ìgbìmọ̀ aláṣẹ ní gbèdéke ọgbọ̀n ọjọ́ láti dá wọn padà sí ẹnu iṣẹ́ ,Yoruba,
Kashamu kìí ṣe ọmọ ẹgbẹ́ wa- Ọlọgbọndiyan ,Yoruba,
Monguno ní àsìkò ti tó láti f'òpin sí Almajiri ní Nàìjíríà ,Yoruba,
ṣe ìdádúró lílo nọ́mbà ìdánimọ̀ fún ìdánwò àṣewọlé ọdún ,Yoruba,
Ọkọ̀ àwọn olùjọ́sìn náà dédé yíwọ́ lọ kọ lu ògiri ,Yoruba,
Ọwọ́ tẹ ọkunrìn tó n fi kẹ́míkà ṣe ìtọ́jú àìsàn jẹjẹrẹ àti ibà. ,Yoruba,
Alága  ní àṣẹ Ààrẹ Buhari lórí pípa ẹni tó bá jí ìbò gbé tako ohun tí òfin sọ ,Yoruba,
Àkọsílẹ̀ rere wà pé Ajimobi ni gómìnà tó dáńtọ́ jùlọ ní Ọyọ ,Yoruba,
jáwé olúborí nínú Àmì ẹ̀yẹ  ,Yoruba,
'Ilé aṣòfin àgbà l'Abuja le dà wó lulẹ̀ láì ṣe àtúnṣe rẹ̀ ní kíákíá' ,Yoruba,
Àwọn aṣòfin àpapọ̀ ṣ'àfihàn ìṣọ̀kan lásìkò tí jàǹdùkù jí ọ̀pá àṣẹ ilé gbé ,Yoruba,
kan ti fọ́ májèlé sì wà nínú ara rẹ̀ ìyàwó rẹ̀ kò sì le è rìn mọ́ ,Yoruba,
Ali ni olùdíje sí ipò gómìnà ZLP ní ìpínlẹ̀ Ọyọ ,Yoruba,
A kò ní bó àṣírí àlùfáà tó bá bá ọmọdé lòpọ̀ mọ́ ,Yoruba,
Àwọn èèkàn ọmọ Ogun nínú ìṣèjọba Nàìjíríà ,Yoruba,
Wo àwọn ohun tó yẹ kí o mọ̀ nípa DCP Kayọde Ẹgbẹdokun ,Yoruba,
Ó yẹ́ ká máa yẹ́ àwọn onítíátà sí ní ààyè kìí ṣe òkú wọn ,Yoruba,
pàṣẹ fún àwọn mùsùlùmí láti ṣ'ọdẹ òṣùpá lónìí ,Yoruba,
nọ́mbà tuntun fún ìdáàbòbò àwọn èèyàn ìpínlẹ̀ Ọ̀yọ̀ ,Yoruba,
Ẹgbẹ́ Shiite fẹ́ wọ́de ní ìrántì àwọn ọmọ ẹgbẹ́ wọn ti iléèṣẹ́ ológun Nàìjíríà pa ,Yoruba,
Ààrẹ ti ń ṣàárẹ̀ láti ọdun márun tó tún fẹ́ dìje padà ,Yoruba,
Nàìjíríà sọ àgádágodo sí ilé ìtajà láti dènà ìtànkálẹ̀ ,Yoruba,
Oluwo fárígá pẹ̀lú ìjọba àpapọ̀ lórí àgbékalẹ̀ iléèwé ẹ̀kọ́ṣẹ́ olùkọ́ni ,Yoruba,
Àmì ayò tí Nàíjíríà àti South Afrika gbá rèé ,Yoruba,
Ajimobi: Orúkọ èmi Akala Ladoja Adebayo Faleti àtàwọn míì ,Yoruba,
Deji Adeyanju: Àwọn olólùfẹ́ Ààrẹ Buhari kọlu Deji Adeyanju àtàwọn ajàfẹ́tọ̀ọ́ tó wọ́de ,Yoruba,
Tí mo bá rí obìnrin tó kò níṣẹ́ lápá mó máa ń ní kí wọ́n wò mí ṣe àríkọ́gbọ́n ,Yoruba,
Ìpínlẹ kọ̀ọ̀kan ní àṣẹ láti dá ààbò bo àwọ̀n ènìyàn wọn ,Yoruba,
'Kátàkárà ni owó orí gbígbà lórí ọmọbìnrin jẹ́' ,Yoruba,
míì dé padà láti ṣe ìbúra fún to yàn sípò ,Yoruba,
Ìpàdé ASUU àti ìjọba tún forí sánpọ́n ,Yoruba,
Sanwo-Olu: Àtàrí Àjànàkú ni àkóso Eko kì í ṣe ẹrù ọmọdé ,Yoruba,
Seyi Makinde: Gbogbo iṣẹ́ àgbàṣe tí Ajimọbi ṣe lẹ́yìn ìbò ní màá gbéyẹ̀wò ,Yoruba,
Ìwádìí ń tẹ̀síwájú lórí ìjínigbé náà ,Yoruba,
Dapo Abiodun ǹkan márùn ún tó yẹ kẹ́ẹ mọ̀ nípa rẹ̀ ,Yoruba,
Afenifere: Ìgbà wo ni Bola Tinubu di ọmọ ẹgbẹ Afenifere? ,Yoruba,
Oluwo: Ó dàbí ẹni pé ọ̀tá pọ̀ fún mi inú wọn kò dùn sí bí mo ṣe ń ṣakọ ,Yoruba,
Kò bá dáa tí INEC bá sùn ọjọ́ gbígba PVC síwájú ,Yoruba,
Mọ̀ síi nípa Yakubu tó wọ bàtà tí Jẹ́gà bọ́ sílẹ̀ ni ,Yoruba,
Adewale Ayuba: Ogun ń ja àgbo Fújì ni wọ́n ṣe ń jà ,Yoruba,
Àwọn adarí ti fásitì Bowen pa lẹ́yìn wàhálà àwọn akẹ́kọ̀ọ́ ,Yoruba,
Àáfà ní òun bu ọlọ́pàá jẹ nígbà tó fẹ́ yí òun lọ́rùn ní Mushin ,Yoruba,
Gbogbo òṣiṣẹ ló n fẹ́ ilọsiwaju Naijiria ,Yoruba,
Irọ́ ni ICPC ń pa mọ́ Kashamu lórí ọ̀rọ̀ ọkọ̀ áńbúlàǹsì àti ẹ̀rọ amúnáwá ,Yoruba,
Ìjọba Eko ní akẹ́kọ̀ọ́ fásitì Ebonyi tó wá kẹ́kọ́ ìmọ̀ òfin ní wọ́n bá Lassa lára rẹ̀ ,Yoruba,
tí mo tẹ fìlà mi siwaju kọ̀ǹgọ̀ ṣí fìlà kuro ní àtàrí atẹ́gùn àlàáfìà sì ń fẹ́ sí i ní ìpàkọ́. ọ̀án pọ́n gidigidi. ,Yoruba,